SaleID,Date,ProductID,CustomerID,Quantity,UnitPrice
3818,12/7/2023,139,30,7,242
3476,12/7/2023,157,113,14,390
4066,12/7/2023,23,188,9,229
1744,12/7/2023,102,85,10,130
3139,12/7/2023,198,464,16,302
3435,12/7/2023,73,252,2,421
3158,12/7/2023,143,282,11,101
1696,12/7/2023,113,253,11,247
4955,12/7/2023,88,438,16,220
2273,12/8/2023,53,14,12,122
9,12/8/2023,78,89,7,319
4611,12/8/2023,166,199,3,400
4548,12/8/2023,139,286,10,242
101,12/8/2023,180,216,18,237
4887,12/8/2023,25,328,14,326
2177,12/8/2023,24,50,6,26
20,12/9/2023,171,475,5,473
246,12/9/2023,165,417,19,273
1157,12/9/2023,24,400,15,26
4685,12/9/2023,76,439,2,350
2711,12/9/2023,48,327,5,388
4232,12/9/2023,3,121,15,151
1667,12/10/2023,20,377,10,392
3593,12/10/2023,107,312,11,390
3106,12/10/2023,58,197,10,86
3828,12/10/2023,69,229,12,192
360,12/10/2023,14,19,19,483
3257,12/10/2023,71,320,13,278
2585,12/10/2023,195,117,13,486
282,12/10/2023,109,224,17,302
400,12/10/2023,148,387,4,217
4439,12/10/2023,83,271,6,313
7,12/11/2023,119,214,19,414
2596,12/11/2023,182,284,3,178
3983,12/11/2023,106,335,16,53
4796,12/11/2023,80,37,14,413
3660,12/11/2023,95,462,15,295
563,12/11/2023,16,264,4,152
3913,12/11/2023,188,267,4,51
3035,12/11/2023,163,415,11,376
3120,12/12/2023,99,254,5,428
3768,12/12/2023,57,470,15,349
94,12/12/2023,98,171,8,433
3993,12/12/2023,11,157,15,279
420,12/12/2023,153,342,5,327
696,12/12/2023,134,299,12,138
4240,12/12/2023,85,184,2,442
2852,12/13/2023,111,180,18,308
2454,12/13/2023,29,231,6,487
3108,12/13/2023,186,163,18,372
1244,12/13/2023,72,226,9,35
1631,12/13/2023,167,259,19,13
4779,12/13/2023,50,169,2,197
1115,12/14/2023,27,105,2,78
4086,12/14/2023,190,266,1,103
1082,12/14/2023,67,489,18,418
2710,12/14/2023,130,358,16,301
1731,12/14/2023,175,493,12,33
2138,12/14/2023,66,39,1,415
4113,12/14/2023,85,216,15,442
3439,12/15/2023,17,92,11,269
240,12/15/2023,99,113,14,428
1009,12/15/2023,131,490,15,91
3326,12/15/2023,111,305,14,308
3554,12/15/2023,189,326,5,284
4944,12/15/2023,45,125,4,348
469,12/15/2023,190,460,12,103
4288,12/15/2023,141,217,6,447
1895,12/15/2023,3,394,5,151
926,12/16/2023,17,363,6,269
489,12/16/2023,4,238,1,143
1327,12/16/2023,99,256,11,428
509,12/16/2023,116,447,18,144
4608,12/16/2023,44,217,9,206
1400,12/16/2023,8,288,8,85
4297,12/16/2023,109,487,4,302
998,12/16/2023,32,89,5,40
1023,12/16/2023,191,180,11,392
1560,12/16/2023,81,139,10,345
4338,12/16/2023,184,68,7,363
42,12/17/2023,26,281,5,425
2235,12/17/2023,192,141,7,19
90,12/17/2023,122,264,1,368
1887,12/17/2023,124,442,18,138
4561,12/17/2023,120,390,18,299
2929,12/17/2023,176,268,15,106
663,12/18/2023,161,147,3,62
2347,12/18/2023,21,467,5,452
4185,12/18/2023,43,254,3,331
2617,12/18/2023,39,426,9,317
2795,12/18/2023,38,307,12,339
2215,12/18/2023,91,200,2,120
2136,12/18/2023,97,23,9,341
997,12/18/2023,16,331,9,152
4702,12/19/2023,114,308,6,195
3754,12/19/2023,56,320,18,291
4063,12/19/2023,40,231,13,192
2546,12/19/2023,28,3,4,350
4481,12/19/2023,28,123,4,350
3793,12/19/2023,190,150,15,103
4553,12/19/2023,95,440,16,295
661,12/20/2023,35,229,10,462
4244,12/20/2023,189,278,3,284
1808,12/20/2023,158,268,6,476
3227,12/20/2023,73,97,2,421
1395,12/20/2023,134,206,5,138
813,12/20/2023,143,160,13,101
689,12/20/2023,150,416,11,488
1485,12/20/2023,16,71,7,152
2442,12/20/2023,193,480,11,162
2409,12/21/2023,53,111,13,122
667,12/21/2023,58,239,9,86
2935,12/21/2023,63,364,8,285
146,12/21/2023,82,29,7,52
3457,12/21/2023,30,100,8,84
2253,12/21/2023,74,331,13,329
1523,12/21/2023,61,61,2,25
4227,12/21/2023,150,339,5,488
1993,12/21/2023,81,105,16,345
4759,12/21/2023,193,206,17,162
3786,12/22/2023,139,291,14,242
4139,12/22/2023,25,448,10,326
1584,12/22/2023,197,287,15,131
4801,12/22/2023,106,183,18,53
1421,12/22/2023,176,52,14,106
2031,12/22/2023,129,80,12,252
1277,12/22/2023,194,262,18,129
3489,12/23/2023,116,471,19,144
4394,12/23/2023,24,330,10,26
3173,12/23/2023,173,115,16,463
2528,12/23/2023,124,279,6,138
266,12/23/2023,123,364,4,68
3167,12/24/2023,138,279,6,174
3949,12/24/2023,26,452,3,425
3071,12/24/2023,89,9,5,262
978,12/24/2023,121,124,2,103
3891,12/24/2023,3,499,6,151
4941,12/25/2023,10,266,11,210
2365,12/25/2023,23,167,14,229
197,12/25/2023,154,4,4,477
4773,12/25/2023,198,108,9,302
3041,12/25/2023,92,233,4,39
2775,12/25/2023,88,64,8,220
3799,12/26/2023,29,377,12,487
3246,12/26/2023,152,232,11,126
275,12/26/2023,175,324,10,33
3731,12/26/2023,1,346,17,443
3714,12/27/2023,78,95,2,319
2453,12/27/2023,93,318,5,352
1379,12/27/2023,182,364,7,178
2082,12/27/2023,80,316,5,413
4277,12/27/2023,148,205,13,217
3837,12/28/2023,4,27,3,143
3658,12/28/2023,13,54,17,230
4294,12/28/2023,185,207,10,202
3497,12/28/2023,200,174,7,471
1034,12/28/2023,95,90,15,295
3042,12/29/2023,161,84,11,62
1222,12/29/2023,63,348,5,285
1512,12/29/2023,14,69,5,483
4534,12/29/2023,192,107,18,19
1,12/30/2023,22,188,15,330
2692,12/30/2023,128,498,5,273
4655,12/30/2023,47,184,15,364
4502,12/30/2023,67,32,17,418
3343,12/30/2023,118,82,18,178
928,12/31/2023,119,304,19,414
557,12/31/2023,98,281,1,433
1040,12/31/2023,90,381,11,324
1509,12/31/2023,12,177,18,401
27,1/1/2024,58,88,7,86
2141,1/1/2024,182,486,3,178
4599,1/1/2024,47,485,14,364
3736,1/1/2024,70,63,15,54
2462,1/1/2024,72,208,8,35
2381,1/1/2024,145,410,2,343
991,1/1/2024,48,243,18,388
4026,1/1/2024,112,9,1,217
1078,1/1/2024,179,103,18,80
1546,1/1/2024,12,240,12,401
2862,1/2/2024,41,13,14,150
3330,1/2/2024,74,254,11,329
4906,1/2/2024,153,335,12,327
1768,1/2/2024,81,42,3,345
4543,1/3/2024,86,194,18,406
3696,1/3/2024,98,302,14,433
2112,1/3/2024,141,268,17,447
3155,1/3/2024,140,357,4,239
3572,1/3/2024,185,58,13,202
2234,1/3/2024,112,262,4,217
4222,1/4/2024,119,278,16,414
3742,1/4/2024,178,212,19,389
337,1/4/2024,100,370,7,183
1321,1/4/2024,23,496,9,229
1128,1/4/2024,62,15,14,198
3748,1/4/2024,77,446,11,264
2293,1/4/2024,48,78,19,388
1150,1/4/2024,112,79,14,217
3636,1/4/2024,32,43,3,40
843,1/4/2024,83,117,15,313
3301,1/4/2024,12,335,6,401
3792,1/5/2024,119,296,8,414
3265,1/5/2024,9,255,19,341
3711,1/5/2024,147,272,11,494
3690,1/5/2024,186,328,2,372
335,1/5/2024,33,76,4,490
1545,1/5/2024,167,343,17,13
1862,1/5/2024,36,297,12,93
3126,1/5/2024,94,273,10,489
2161,1/6/2024,100,212,2,183
1410,1/6/2024,67,123,16,418
841,1/6/2024,23,442,11,229
4110,1/6/2024,23,287,1,229
2225,1/6/2024,76,168,8,350
136,1/6/2024,106,84,2,53
4697,1/6/2024,34,136,15,217
1233,1/6/2024,146,267,13,422
2789,1/6/2024,95,132,11,295
496,1/7/2024,136,201,17,84
461,1/7/2024,16,238,5,152
4236,1/8/2024,103,349,10,375
3552,1/8/2024,91,489,17,120
1943,1/8/2024,34,48,8,217
4556,1/8/2024,77,357,8,264
3514,1/8/2024,87,69,11,499
1513,1/8/2024,16,472,2,152
459,1/9/2024,4,158,4,143
3872,1/9/2024,141,338,13,447
1255,1/10/2024,17,307,8,269
2311,1/10/2024,20,293,19,392
1833,1/10/2024,40,237,11,192
1030,1/10/2024,180,313,15,237
2729,1/10/2024,39,432,3,317
3143,1/10/2024,103,417,6,375
549,1/10/2024,73,190,1,421
4825,1/10/2024,185,260,7,202
3880,1/10/2024,118,390,19,178
589,1/11/2024,131,384,5,91
1190,1/11/2024,30,19,11,84
4073,1/11/2024,19,162,10,328
3324,1/11/2024,44,199,16,206
1135,1/11/2024,48,158,9,388
3757,1/12/2024,128,269,9,273
1956,1/12/2024,28,432,14,350
2476,1/12/2024,178,162,14,389
986,1/12/2024,89,187,11,262
1589,1/12/2024,67,436,9,418
1670,1/13/2024,86,491,2,406
216,1/13/2024,75,434,5,209
1827,1/13/2024,117,19,4,452
2189,1/13/2024,122,368,11,368
2307,1/13/2024,74,78,12,329
1774,1/13/2024,153,474,15,327
2957,1/13/2024,194,277,19,129
1170,1/14/2024,119,488,3,414
2979,1/14/2024,102,63,7,130
2891,1/14/2024,91,322,13,120
2763,1/14/2024,31,328,12,216
2461,1/14/2024,184,391,12,363
117,1/15/2024,108,481,19,131
4334,1/15/2024,117,138,6,452
2887,1/15/2024,189,325,4,284
3090,1/15/2024,45,355,17,348
3282,1/15/2024,74,144,17,329
2202,1/15/2024,123,174,1,68
1957,1/15/2024,191,213,18,392
4707,1/16/2024,110,132,4,229
850,1/16/2024,171,255,11,473
1227,1/16/2024,27,254,16,78
833,1/16/2024,189,492,18,284
149,1/16/2024,102,489,7,130
3160,1/16/2024,134,242,4,138
2233,1/16/2024,135,317,14,360
1516,1/16/2024,184,409,7,363
2534,1/17/2024,20,168,5,392
1752,1/17/2024,114,460,7,195
3905,1/17/2024,105,282,10,385
914,1/17/2024,67,331,15,418
2921,1/17/2024,133,385,8,101
2506,1/17/2024,11,284,16,279
2762,1/17/2024,148,40,17,217
2818,1/17/2024,31,46,11,216
4835,1/17/2024,188,134,11,51
2212,1/18/2024,26,249,5,425
1319,1/18/2024,21,175,14,452
2172,1/18/2024,38,428,15,339
681,1/18/2024,16,379,1,152
824,1/18/2024,163,378,15,376
2886,1/19/2024,17,391,9,269
3959,1/19/2024,52,418,14,19
3355,1/19/2024,58,271,2,86
4170,1/19/2024,63,146,10,285
4424,1/19/2024,4,105,6,143
2047,1/19/2024,21,252,12,452
2590,1/19/2024,189,129,16,284
4726,1/19/2024,81,161,1,345
4718,1/19/2024,92,252,10,39
3124,1/19/2024,94,360,5,489
2919,1/20/2024,168,343,7,455
3578,1/20/2024,101,329,15,454
49,1/20/2024,58,184,10,86
36,1/20/2024,82,233,3,52
80,1/20/2024,186,460,13,372
4058,1/20/2024,122,456,1,368
3471,1/20/2024,15,40,17,329
3761,1/20/2024,94,270,13,489
4290,1/21/2024,171,422,18,473
1329,1/21/2024,142,460,19,247
1112,1/21/2024,122,117,8,368
138,1/21/2024,2,331,1,206
1493,1/21/2024,144,498,8,218
4851,1/21/2024,145,500,13,343
4198,1/22/2024,185,35,4,202
2741,1/22/2024,196,487,9,138
1248,1/22/2024,143,174,1,101
4313,1/23/2024,108,204,13,131
2152,1/23/2024,35,270,4,462
980,1/23/2024,82,78,1,52
4895,1/23/2024,86,274,1,406
664,1/23/2024,159,73,2,294
2700,1/23/2024,62,428,16,198
3657,1/23/2024,61,279,3,25
3044,1/23/2024,129,226,5,252
4625,1/23/2024,172,288,17,56
1901,1/24/2024,168,253,17,455
3456,1/24/2024,49,343,1,410
4181,1/24/2024,49,16,12,410
2940,1/24/2024,116,356,13,144
2297,1/24/2024,91,24,2,120
2491,1/24/2024,149,479,7,78
2009,1/24/2024,84,301,14,189
1649,1/24/2024,167,1,19,13
1721,1/24/2024,160,160,19,306
3177,1/24/2024,36,271,16,93
2388,1/25/2024,119,222,9,414
616,1/25/2024,75,46,8,209
4425,1/25/2024,137,162,18,267
151,1/25/2024,30,454,5,84
2255,1/25/2024,23,374,13,229
1800,1/25/2024,106,231,2,53
782,1/25/2024,102,296,7,130
2885,1/25/2024,112,312,17,217
3809,1/25/2024,51,482,1,252
4827,1/25/2024,184,465,14,363
4667,1/26/2024,17,36,19,269
2406,1/26/2024,40,364,5,192
283,1/26/2024,86,270,17,406
2394,1/26/2024,26,193,17,425
280,1/26/2024,14,407,8,483
1343,1/26/2024,137,436,5,267
3038,1/26/2024,97,66,15,341
4535,1/27/2024,162,144,16,126
2980,1/27/2024,186,459,1,372
2806,1/27/2024,116,366,11,144
2107,1/27/2024,25,98,12,326
1336,1/27/2024,109,314,4,302
1026,1/27/2024,87,22,8,499
1651,1/28/2024,174,235,8,420
2848,1/28/2024,47,282,1,364
4399,1/28/2024,70,484,15,54
619,1/28/2024,12,235,19,401
4626,1/29/2024,4,8,3,143
1028,1/29/2024,189,255,12,284
2143,1/29/2024,89,485,8,262
1849,1/29/2024,192,149,6,19
944,1/29/2024,133,55,10,101
1243,1/29/2024,125,208,12,253
1770,1/29/2024,144,426,15,218
1284,1/29/2024,104,456,16,441
1865,1/29/2024,51,147,19,252
3723,1/30/2024,23,189,14,229
4619,1/30/2024,195,411,5,486
3821,1/30/2024,127,308,19,37
4904,1/30/2024,120,375,10,299
4648,1/30/2024,164,491,16,376
2247,1/30/2024,32,467,13,40
2458,1/31/2024,12,420,8,401
4196,2/1/2024,22,56,4,330
2738,2/1/2024,27,19,16,78
1559,2/1/2024,169,136,3,436
3823,2/1/2024,10,134,9,210
4325,2/1/2024,154,409,5,477
3190,2/1/2024,146,262,2,422
455,2/1/2024,151,2,15,200
4020,2/1/2024,3,98,10,151
1436,2/2/2024,93,285,11,352
4096,2/2/2024,161,24,11,62
3494,2/2/2024,27,294,10,78
3107,2/2/2024,147,166,13,494
772,2/2/2024,25,341,11,326
2181,2/2/2024,197,45,17,131
3957,2/2/2024,154,176,16,477
4916,2/2/2024,51,200,19,252
647,2/2/2024,55,398,4,255
2348,2/2/2024,68,140,2,192
1495,2/3/2024,174,500,4,420
3788,2/3/2024,91,119,4,120
3857,2/3/2024,127,426,6,37
869,2/3/2024,92,486,1,39
3596,2/4/2024,162,49,7,126
1007,2/4/2024,14,428,14,483
302,2/4/2024,186,151,14,372
3526,2/4/2024,125,355,12,253
4128,2/4/2024,102,76,10,130
3985,2/4/2024,200,359,5,471
2975,2/4/2024,120,51,19,299
3131,2/4/2024,193,137,5,162
2608,2/4/2024,194,148,4,129
1397,2/5/2024,107,174,2,390
2855,2/5/2024,75,183,5,209
4436,2/5/2024,47,51,12,364
2889,2/5/2024,25,297,15,326
1809,2/5/2024,144,298,14,218
887,2/5/2024,195,1,6,486
4656,2/5/2024,48,115,5,388
1179,2/5/2024,118,229,1,178
3956,2/5/2024,3,459,11,151
1499,2/6/2024,107,247,4,390
2279,2/6/2024,101,277,10,454
1813,2/6/2024,42,187,16,232
3652,2/6/2024,99,94,8,428
3582,2/6/2024,130,41,13,301
4540,2/6/2024,31,1,5,216
659,2/6/2024,150,472,8,488
920,2/7/2024,181,54,6,40
3437,2/7/2024,189,88,18,284
121,2/7/2024,33,464,6,490
4083,2/7/2024,54,323,10,309
2781,2/7/2024,83,335,10,313
1310,2/7/2024,96,47,4,333
1438,2/8/2024,79,92,9,333
3591,2/8/2024,28,38,7,350
1661,2/8/2024,117,18,19,452
4670,2/8/2024,37,185,14,35
3545,2/8/2024,76,212,1,350
1686,2/8/2024,198,84,7,302
3187,2/8/2024,80,396,7,413
832,2/9/2024,186,142,4,372
4361,2/9/2024,62,333,16,198
2583,2/9/2024,141,356,11,447
1874,2/9/2024,158,11,6,476
2214,2/9/2024,46,431,9,287
2437,2/9/2024,81,148,19,345
602,2/9/2024,170,463,12,39
4701,2/10/2024,59,409,10,10
1344,2/10/2024,86,109,3,406
4527,2/10/2024,26,74,16,425
4177,2/10/2024,57,261,14,349
770,2/10/2024,47,66,5,364
1688,2/10/2024,122,239,19,368
1156,2/10/2024,23,304,16,229
2780,2/10/2024,156,66,15,445
1737,2/10/2024,92,211,17,39
3367,2/10/2024,170,445,10,39
462,2/11/2024,35,241,2,462
1983,2/11/2024,47,10,1,364
1632,2/11/2024,89,295,18,262
4579,2/11/2024,173,226,16,463
1959,2/11/2024,91,297,15,120
288,2/11/2024,60,80,4,211
2552,2/11/2024,198,490,18,302
4951,2/11/2024,50,443,11,197
1099,2/12/2024,108,299,15,131
383,2/12/2024,86,11,12,406
2932,2/12/2024,181,449,3,40
3385,2/12/2024,177,340,7,362
1613,2/12/2024,21,160,8,452
3940,2/12/2024,21,453,15,452
2254,2/12/2024,49,416,5,410
3378,2/12/2024,49,266,19,410
4531,2/12/2024,141,420,8,447
2783,2/12/2024,102,114,12,130
284,2/12/2024,70,456,12,54
1603,2/12/2024,156,365,10,445
3320,2/12/2024,151,387,1,200
1590,2/12/2024,92,310,19,39
3852,2/13/2024,4,171,19,143
4660,2/13/2024,25,398,18,326
2906,2/13/2024,175,463,3,33
2139,2/13/2024,38,325,8,339
2371,2/13/2024,8,86,13,85
2007,2/13/2024,73,253,6,421
2117,2/13/2024,187,8,2,196
3797,2/13/2024,191,39,5,392
3051,2/13/2024,55,172,18,255
5000,2/14/2024,64,421,19,239
3624,2/14/2024,165,327,18,273
4860,2/14/2024,18,116,10,122
1033,2/14/2024,44,302,12,206
2333,2/14/2024,80,263,5,413
2637,2/14/2024,112,326,10,217
368,2/14/2024,95,293,13,295
1750,2/15/2024,128,215,8,273
4783,2/15/2024,99,24,7,428
3558,2/15/2024,132,340,19,74
3699,2/15/2024,178,245,15,389
1537,2/15/2024,115,419,7,291
4831,2/15/2024,173,290,11,463
4745,2/15/2024,149,62,9,78
4465,2/15/2024,156,240,1,445
4573,2/15/2024,172,475,3,56
4235,2/15/2024,50,23,12,197
4613,2/16/2024,141,41,7,447
251,2/16/2024,74,384,17,329
4705,2/16/2024,124,478,5,138
3431,2/16/2024,96,41,8,333
4493,2/17/2024,14,266,4,483
4615,2/17/2024,45,312,6,348
104,2/17/2024,25,20,19,326
446,2/17/2024,144,367,6,218
1011,2/17/2024,120,104,4,299
1702,2/17/2024,176,235,9,106
3475,2/17/2024,167,345,6,13
795,2/18/2024,86,351,18,406
2715,2/18/2024,69,21,7,192
1412,2/18/2024,15,295,4,329
867,2/19/2024,18,465,6,122
2006,2/19/2024,158,344,2,476
3751,2/19/2024,46,238,11,287
4663,2/19/2024,112,359,18,217
4962,2/19/2024,32,464,15,40
3588,2/19/2024,12,6,7,401
1332,2/20/2024,89,211,1,262
4815,2/20/2024,140,204,14,239
520,2/20/2024,83,209,6,313
3474,2/21/2024,17,383,14,269
1423,2/21/2024,59,489,9,10
2768,2/21/2024,59,142,18,10
2720,2/21/2024,56,458,2,291
1311,2/21/2024,128,226,1,273
170,2/21/2024,192,20,15,19
2961,2/21/2024,165,385,7,273
3820,2/21/2024,15,109,4,329
2145,2/21/2024,10,273,1,210
4135,2/21/2024,39,155,8,317
392,2/21/2024,136,289,8,84
1053,2/21/2024,44,167,19,206
2513,2/21/2024,153,428,7,327
814,2/21/2024,81,285,2,345
2635,2/22/2024,40,185,11,192
941,2/22/2024,177,57,13,362
4165,2/22/2024,105,251,11,385
1418,2/22/2024,15,63,3,329
4971,2/22/2024,1,320,18,443
1789,2/23/2024,82,334,2,52
4624,2/23/2024,131,473,1,91
2549,2/23/2024,147,465,19,494
2057,2/23/2024,155,156,9,471
2034,2/23/2024,189,2,3,284
2934,2/23/2024,37,395,13,35
3466,2/23/2024,195,410,6,486
162,2/23/2024,91,40,2,120
2221,2/23/2024,176,117,10,106
4647,2/24/2024,72,182,13,35
4380,2/24/2024,73,156,8,421
3413,2/24/2024,118,303,9,178
809,2/24/2024,55,150,10,255
1743,2/24/2024,163,236,6,376
1134,2/24/2024,96,24,19,333
3508,2/25/2024,199,100,9,387
3254,2/25/2024,138,316,15,174
961,2/25/2024,117,240,1,452
2084,2/25/2024,181,25,6,40
1239,2/25/2024,38,482,18,339
879,2/25/2024,134,227,2,138
415,2/25/2024,90,100,19,324
38,2/26/2024,139,102,1,242
2970,2/26/2024,189,14,10,284
3133,2/26/2024,6,251,10,437
3587,2/26/2024,130,49,19,301
3055,2/26/2024,8,127,6,85
683,2/26/2024,12,360,11,401
115,2/27/2024,199,461,12,387
4387,2/27/2024,133,460,9,101
2119,2/27/2024,102,173,10,130
2070,2/27/2024,124,456,2,138
1708,2/28/2024,168,367,13,455
1536,2/28/2024,147,335,16,494
85,2/28/2024,192,176,7,19
3119,2/28/2024,198,144,4,302
3171,2/28/2024,118,467,3,178
4248,2/29/2024,126,459,11,165
3576,2/29/2024,110,492,2,229
1594,2/29/2024,10,251,18,210
3724,2/29/2024,10,388,10,210
893,2/29/2024,130,255,2,301
267,2/29/2024,123,137,13,68
3986,2/29/2024,118,233,8,178
1059,2/29/2024,12,331,9,401
2641,2/29/2024,94,183,2,489
31,3/1/2024,56,202,2,291
1183,3/1/2024,162,412,11,126
2984,3/1/2024,18,482,18,122
4245,3/1/2024,33,17,3,490
3382,3/1/2024,120,497,15,299
3365,3/1/2024,164,225,5,376
4922,3/2/2024,131,36,10,91
1771,3/2/2024,198,434,14,302
744,3/2/2024,34,359,9,217
3297,3/2/2024,167,87,6,13
4662,3/4/2024,93,254,15,352
4805,3/4/2024,110,115,11,229
1604,3/4/2024,28,106,9,350
2865,3/4/2024,98,119,6,433
1832,3/4/2024,130,73,18,301
2706,3/4/2024,175,254,15,33
4446,3/4/2024,8,463,2,85
4408,3/4/2024,127,263,2,37
1861,3/4/2024,193,7,2,162
2211,3/5/2024,79,190,9,333
3260,3/5/2024,28,174,17,350
374,3/5/2024,47,39,7,364
3635,3/5/2024,67,295,12,418
4238,3/5/2024,160,314,3,306
4161,3/5/2024,81,68,13,345
1569,3/6/2024,86,228,17,406
680,3/6/2024,178,454,2,389
158,3/6/2024,152,214,19,126
4006,3/6/2024,165,431,16,273
3113,3/6/2024,23,265,10,229
1829,3/6/2024,130,107,4,301
3662,3/6/2024,176,15,14,106
1500,3/6/2024,51,75,16,252
2306,3/7/2024,189,122,15,284
3223,3/7/2024,125,414,15,253
1720,3/7/2024,185,389,15,202
2960,3/7/2024,3,309,4,151
394,3/8/2024,58,247,19,86
655,3/8/2024,86,54,6,406
3611,3/8/2024,178,413,6,389
195,3/8/2024,89,354,5,262
984,3/8/2024,98,311,4,433
3150,3/8/2024,98,53,5,433
3047,3/8/2024,137,262,5,267
1036,3/8/2024,85,107,8,442
2064,3/9/2024,93,153,10,352
4866,3/9/2024,110,449,5,229
3861,3/9/2024,28,250,17,350
2825,3/9/2024,4,382,18,143
4492,3/9/2024,117,36,7,452
2535,3/9/2024,45,108,7,348
2914,3/9/2024,38,33,8,339
4243,3/9/2024,143,125,1,101
3513,3/9/2024,12,117,5,401
1212,3/10/2024,79,351,9,333
2022,3/10/2024,147,93,18,494
3270,3/10/2024,44,57,11,206
2123,3/10/2024,51,180,8,252
2231,3/11/2024,114,338,12,195
569,3/11/2024,131,369,5,91
3871,3/11/2024,100,275,12,183
3057,3/11/2024,14,296,2,483
4091,3/11/2024,189,76,15,284
3770,3/11/2024,121,495,15,103
1541,3/11/2024,129,20,13,252
4213,3/11/2024,129,225,16,252
1014,3/11/2024,32,232,13,40
1831,3/11/2024,172,417,11,56
752,3/12/2024,110,217,1,229
247,3/12/2024,75,344,2,209
4872,3/12/2024,75,177,11,209
2237,3/12/2024,4,120,9,143
3462,3/12/2024,195,372,6,486
4179,3/12/2024,160,357,5,306
726,3/13/2024,99,432,1,428
2510,3/13/2024,41,469,11,150
3339,3/13/2024,177,487,17,362
2195,3/13/2024,192,398,8,19
1925,3/13/2024,39,288,9,317
2683,3/13/2024,8,495,13,85
1132,3/13/2024,198,453,1,302
4504,3/13/2024,77,262,18,264
1232,3/13/2024,187,61,14,196
1741,3/14/2024,28,51,6,350
60,3/14/2024,177,4,4,362
3970,3/14/2024,65,229,10,477
4021,3/14/2024,21,201,7,452
2841,3/14/2024,30,32,19,84
3338,3/14/2024,91,62,9,120
3780,3/14/2024,120,316,3,299
2778,3/15/2024,93,191,13,352
3138,3/15/2024,107,224,18,390
3999,3/15/2024,103,9,1,375
666,3/15/2024,70,271,15,54
4048,3/15/2024,184,475,2,363
2749,3/16/2024,168,447,14,455
4610,3/16/2024,27,127,9,78
2496,3/16/2024,63,276,14,285
3771,3/16/2024,28,318,9,350
276,3/16/2024,198,412,13,302
1511,3/16/2024,160,72,13,306
645,3/16/2024,188,283,3,51
1975,3/16/2024,66,371,19,415
4079,3/17/2024,174,477,14,420
4765,3/17/2024,139,477,17,242
3903,3/17/2024,147,288,8,494
4750,3/17/2024,41,378,15,150
2408,3/17/2024,137,161,6,267
1972,3/17/2024,134,6,4,138
458,3/17/2024,83,152,12,313
3533,3/18/2024,40,488,7,192
3671,3/18/2024,106,275,7,53
361,3/18/2024,70,208,14,54
1655,3/18/2024,77,31,8,264
4532,3/18/2024,73,188,19,421
1158,3/18/2024,51,488,2,252
2155,3/18/2024,36,72,17,93
2290,3/19/2024,28,428,11,350
4637,3/19/2024,186,372,1,372
3928,3/19/2024,192,142,9,19
783,3/19/2024,81,266,10,345
3577,3/19/2024,170,323,19,39
332,3/20/2024,196,171,17,138
3111,3/21/2024,178,331,7,389
2697,3/21/2024,123,435,5,68
1398,3/21/2024,194,420,3,129
2708,3/22/2024,195,93,18,486
2473,3/22/2024,68,427,14,192
4064,3/23/2024,75,258,18,209
4890,3/23/2024,189,46,1,284
2498,3/23/2024,33,424,17,490
1732,3/23/2024,54,190,2,309
1067,3/23/2024,193,403,2,162
1704,3/24/2024,138,301,1,174
3010,3/24/2024,181,248,12,40
2218,3/24/2024,156,143,10,445
176,3/25/2024,20,228,12,392
936,3/25/2024,181,483,5,40
600,3/25/2024,159,82,9,294
3517,3/25/2024,192,16,1,19
4318,3/25/2024,45,390,5,348
2153,3/25/2024,196,13,13,138
2981,3/25/2024,160,52,18,306
3982,3/25/2024,81,164,11,345
3220,3/26/2024,40,216,2,192
552,3/26/2024,75,33,5,209
3300,3/26/2024,37,332,10,35
1773,3/26/2024,76,329,3,350
2867,3/26/2024,44,166,17,206
917,3/26/2024,118,361,19,178
4013,3/26/2024,92,337,16,39
4669,3/26/2024,170,390,6,39
924,3/26/2024,66,182,15,415
4948,3/27/2024,47,500,7,364
3006,3/28/2024,107,167,10,390
352,3/28/2024,35,60,1,462
4651,3/28/2024,116,492,4,144
4340,3/28/2024,10,454,12,210
3684,3/28/2024,115,151,2,291
4521,3/28/2024,91,60,12,120
344,3/28/2024,198,492,4,302
2008,3/28/2024,61,493,12,25
3719,3/28/2024,164,434,9,376
2962,3/28/2024,172,237,4,56
1573,3/29/2024,161,137,16,62
2988,3/29/2024,166,434,15,400
4665,3/29/2024,43,46,7,331
1595,3/29/2024,38,95,18,339
1153,3/29/2024,158,108,7,476
311,3/29/2024,148,324,1,217
4406,3/29/2024,90,399,13,324
2851,3/30/2024,166,240,4,400
1504,3/30/2024,99,127,11,428
4081,3/30/2024,181,357,14,40
854,3/30/2024,98,490,6,433
1798,3/30/2024,141,498,4,447
3151,3/30/2024,134,230,3,138
932,3/30/2024,48,310,4,388
3335,3/31/2024,199,386,7,387
1992,3/31/2024,20,135,7,392
4938,3/31/2024,108,335,18,131
336,3/31/2024,142,316,18,247
2229,3/31/2024,189,189,19,284
4036,3/31/2024,192,167,17,19
4312,3/31/2024,10,45,15,210
2516,3/31/2024,144,29,14,218
2974,3/31/2024,183,14,11,70
2176,3/31/2024,112,479,4,217
1352,3/31/2024,170,253,8,39
4371,4/1/2024,138,34,2,174
593,4/1/2024,28,111,9,350
2605,4/1/2024,99,201,8,428
3540,4/1/2024,169,130,19,436
4429,4/1/2024,100,27,19,183
3426,4/1/2024,105,499,3,385
120,4/1/2024,43,312,3,331
97,4/1/2024,15,147,17,329
435,4/1/2024,116,296,16,144
2015,4/1/2024,91,4,7,120
3368,4/1/2024,134,55,7,138
1184,4/1/2024,46,260,12,287
3127,4/1/2024,85,139,14,442
4566,4/2/2024,107,364,5,390
3666,4/2/2024,114,169,12,195
76,4/2/2024,29,192,15,487
3752,4/3/2024,161,51,16,62
1614,4/3/2024,101,289,13,454
1403,4/3/2024,82,166,3,52
1705,4/3/2024,82,386,13,52
1853,4/3/2024,111,342,18,308
3875,4/3/2024,6,409,3,437
2349,4/3/2024,60,471,7,211
1578,4/3/2024,127,487,7,37
1838,4/3/2024,94,255,14,489
4045,4/4/2024,78,29,4,319
4448,4/4/2024,35,37,4,462
2733,4/4/2024,70,438,13,54
3308,4/4/2024,74,102,11,329
933,4/4/2024,66,351,1,415
2773,4/5/2024,22,298,10,330
4542,4/5/2024,119,244,4,414
682,4/5/2024,9,256,8,341
37,4/5/2024,166,465,15,400
3414,4/5/2024,130,129,7,301
3589,4/5/2024,140,197,19,239
3917,4/5/2024,112,167,11,217
2375,4/6/2024,22,350,19,330
810,4/6/2024,58,401,6,86
160,4/6/2024,63,45,17,285
3964,4/6/2024,63,97,6,285
4093,4/6/2024,75,295,15,209
3449,4/6/2024,186,146,8,372
4188,4/6/2024,7,470,9,237
612,4/6/2024,116,115,16,144
938,4/6/2024,71,177,7,278
3995,4/6/2024,187,381,15,196
2321,4/6/2024,12,371,1,401
4434,4/6/2024,88,259,5,220
3953,4/7/2024,199,117,17,387
4600,4/7/2024,47,159,15,364
4798,4/7/2024,165,476,2,273
2460,4/7/2024,98,42,11,433
393,4/7/2024,197,169,17,131
3102,4/7/2024,109,166,5,302
1338,4/7/2024,112,393,10,217
751,4/7/2024,150,240,15,488
2127,4/8/2024,126,352,13,165
2360,4/8/2024,6,313,19,437
1430,4/8/2024,18,433,16,122
2909,4/8/2024,125,337,7,253
1826,4/8/2024,70,242,8,54
3087,4/8/2024,146,67,1,422
2810,4/8/2024,196,73,10,138
2239,4/9/2024,82,286,10,52
128,4/9/2024,19,340,2,328
1939,4/9/2024,46,456,2,287
828,4/9/2024,179,152,12,80
437,4/10/2024,78,173,5,319
3311,4/10/2024,138,96,2,174
1408,4/10/2024,142,428,12,247
214,4/10/2024,14,180,7,483
1681,4/10/2024,2,26,4,206
1141,4/10/2024,68,2,5,192
11,4/11/2024,20,308,5,392
874,4/11/2024,4,23,13,143
4523,4/11/2024,21,230,11,452
491,4/11/2024,189,432,5,284
398,4/11/2024,67,305,4,418
3595,4/11/2024,133,233,9,101
3105,4/11/2024,136,134,4,84
2205,4/11/2024,44,73,14,206
712,4/11/2024,8,116,2,85
3232,4/11/2024,146,282,14,422
4711,4/11/2024,151,398,14,200
2869,4/12/2024,17,428,10,269
48,4/12/2024,117,406,11,452
765,4/12/2024,178,70,16,389
2392,4/12/2024,49,45,10,410
1535,4/12/2024,133,59,1,101
2081,4/12/2024,175,137,12,33
2911,4/12/2024,8,297,1,85
2753,4/12/2024,97,441,11,341
4515,4/12/2024,183,420,19,70
2821,4/12/2024,121,429,6,103
4200,4/12/2024,104,252,6,441
3370,4/12/2024,191,358,13,392
4061,4/12/2024,188,173,17,51
3129,4/12/2024,88,370,7,220
2631,4/13/2024,78,170,1,319
2447,4/13/2024,161,393,9,62
2278,4/13/2024,136,391,9,84
4272,4/13/2024,195,9,11,486
4115,4/13/2024,5,420,15,314
627,4/13/2024,60,478,9,211
4858,4/13/2024,120,286,19,299
3796,4/14/2024,138,445,12,174
1289,4/14/2024,132,27,6,74
2832,4/14/2024,19,175,10,328
2531,4/14/2024,5,483,15,314
2638,4/14/2024,149,352,10,78
786,4/14/2024,140,60,6,239
4206,4/14/2024,145,314,17,343
1565,4/14/2024,143,231,19,101
2698,4/14/2024,150,372,15,488
3452,4/14/2024,83,147,5,313
1802,4/15/2024,22,271,17,330
2488,4/15/2024,199,313,13,387
3488,4/15/2024,14,302,12,483
3003,4/15/2024,127,198,15,37
3710,4/15/2024,153,433,4,327
4582,4/15/2024,153,449,15,327
1496,4/15/2024,73,143,12,421
1000,4/16/2024,159,255,10,294
4631,4/16/2024,180,285,7,237
287,4/16/2024,44,98,5,206
2410,4/16/2024,109,17,6,302
4747,4/16/2024,80,378,11,413
1442,4/16/2024,120,228,13,299
2281,4/16/2024,3,386,9,151
1168,4/17/2024,169,464,17,436
2971,4/17/2024,45,211,5,348
4886,4/17/2024,15,75,13,329
2420,4/17/2024,133,350,12,101
2850,4/17/2024,158,328,15,476
3128,4/18/2024,180,9,6,237
4104,4/18/2024,137,160,17,267
800,4/18/2024,24,187,15,26
1278,4/18/2024,33,40,15,490
4389,4/18/2024,81,256,17,345
4682,4/19/2024,106,471,4,53
4816,4/19/2024,97,12,10,341
1411,4/19/2024,163,313,2,376
262,4/20/2024,115,386,16,291
294,4/20/2024,103,445,7,375
4555,4/20/2024,5,434,18,314
4445,4/20/2024,146,320,14,422
3842,4/20/2024,129,251,9,252
2878,4/20/2024,167,90,13,13
608,4/20/2024,92,135,12,39
4480,4/20/2024,179,396,1,80
966,4/20/2024,12,345,5,401
4776,4/21/2024,138,258,18,174
4067,4/21/2024,72,274,13,35
3769,4/21/2024,184,45,15,363
3954,4/22/2024,63,190,2,285
4680,4/22/2024,152,155,15,126
3404,4/22/2024,45,213,6,348
3892,4/22/2024,175,203,5,33
3067,4/22/2024,54,265,19,309
1816,4/22/2024,200,434,7,471
2612,4/22/2024,187,108,8,196
533,4/23/2024,82,26,6,52
324,4/23/2024,89,469,5,262
3197,4/23/2024,37,494,8,35
3029,4/23/2024,127,301,15,37
4306,4/23/2024,51,401,5,252
436,4/24/2024,52,458,3,19
22,4/24/2024,27,457,3,78
23,4/24/2024,59,386,7,10
3921,4/24/2024,56,212,3,291
3746,4/24/2024,157,346,11,390
2734,4/24/2024,196,395,14,138
839,4/24/2024,170,347,7,39
4855,4/25/2024,28,315,19,350
1689,4/25/2024,143,121,16,101
4808,4/25/2024,81,32,1,345
804,4/26/2024,9,426,13,341
2324,4/26/2024,99,74,9,428
66,4/26/2024,182,458,4,178
2890,4/26/2024,47,95,16,364
129,4/26/2024,175,251,12,33
1049,4/26/2024,175,276,3,33
3481,4/26/2024,38,452,15,339
2570,4/26/2024,164,258,17,376
1883,4/26/2024,143,187,12,101
1473,4/26/2024,172,205,1,56
1256,4/27/2024,171,5,18,473
1084,4/27/2024,42,252,6,232
3739,4/27/2024,41,339,14,150
1690,4/27/2024,106,456,17,53
4973,4/27/2024,103,109,7,375
1715,4/27/2024,77,205,15,264
4131,4/27/2024,158,116,1,476
2459,4/28/2024,75,68,7,209
2277,4/28/2024,98,119,9,433
4069,4/28/2024,175,273,18,33
4460,4/28/2024,44,415,19,206
989,4/28/2024,149,59,10,78
237,4/28/2024,185,349,8,202
1697,4/28/2024,176,139,7,106
1130,4/28/2024,191,341,9,392
4969,4/29/2024,17,270,6,269
1576,4/29/2024,69,489,4,192
2927,4/29/2024,152,348,15,126
3760,4/29/2024,149,200,17,78
591,4/29/2024,185,357,17,202
4842,4/29/2024,134,29,19,138
4452,4/29/2024,120,193,5,299
3580,4/29/2024,176,244,11,106
546,4/29/2024,188,459,4,51
4435,4/30/2024,168,346,17,455
2964,4/30/2024,117,394,7,452
3478,4/30/2024,7,203,7,237
2705,4/30/2024,13,477,9,230
2118,4/30/2024,34,329,6,217
1260,4/30/2024,68,374,8,192
4509,5/1/2024,53,231,14,122
172,5/1/2024,114,159,2,195
4176,5/1/2024,186,478,7,372
4017,5/1/2024,189,134,4,284
1502,5/1/2024,192,265,3,19
2562,5/1/2024,39,51,5,317
1140,5/1/2024,91,201,1,120
1643,5/1/2024,8,11,10,85
677,5/2/2024,155,208,13,471
1514,5/2/2024,23,445,19,229
1173,5/2/2024,71,146,4,278
4174,5/2/2024,191,219,18,392
3583,5/3/2024,174,299,8,420
1728,5/3/2024,138,137,16,174
3098,5/3/2024,162,117,16,126
4738,5/3/2024,117,110,1,452
702,5/3/2024,65,122,11,477
343,5/3/2024,19,250,8,328
695,5/3/2024,94,331,6,489
252,5/4/2024,52,183,1,19
2135,5/4/2024,110,359,4,229
40,5/4/2024,86,146,12,406
3161,5/4/2024,43,367,9,331
4015,5/4/2024,197,236,14,131
2954,5/4/2024,77,299,9,264
4395,5/4/2024,158,145,16,476
1679,5/4/2024,150,121,2,488
2542,5/4/2024,193,302,17,162
945,5/5/2024,126,202,9,165
626,5/5/2024,56,133,1,291
342,5/5/2024,197,11,7,131
470,5/5/2024,33,244,14,490
3286,5/5/2024,71,389,6,278
4813,5/5/2024,198,60,15,302
3958,5/5/2024,146,328,4,422
4324,5/5/2024,83,475,3,313
1610,5/5/2024,68,198,9,192
444,5/6/2024,19,374,17,328
579,5/6/2024,19,109,8,328
4123,5/6/2024,74,142,9,329
718,5/6/2024,60,401,10,211
2636,5/6/2024,16,285,2,152
3250,5/6/2024,81,392,18,345
2056,5/7/2024,35,112,16,462
3695,5/7/2024,98,50,16,433
1022,5/7/2024,19,438,15,328
4661,5/7/2024,144,138,18,218
2899,5/7/2024,71,275,5,278
1490,5/7/2024,103,164,5,375
3288,5/7/2024,72,199,15,35
2577,5/7/2024,121,30,14,103
2555,5/7/2024,134,400,14,138
4416,5/7/2024,143,242,17,101
2563,5/7/2024,151,306,19,200
4926,5/7/2024,50,135,15,197
1583,5/7/2024,66,159,6,415
3263,5/8/2024,110,235,18,229
296,5/8/2024,171,422,4,473
570,5/8/2024,56,362,12,291
4461,5/8/2024,105,27,11,385
4339,5/8/2024,187,476,5,196
1657,5/9/2024,157,21,1,390
3072,5/9/2024,71,293,17,278
2016,5/9/2024,38,342,15,339
555,5/9/2024,44,291,15,206
3065,5/9/2024,200,212,15,471
700,5/9/2024,129,244,13,252
3319,5/9/2024,129,150,19,252
1784,5/9/2024,170,166,6,39
4589,5/9/2024,170,49,7,39
1860,5/10/2024,100,41,19,183
2380,5/10/2024,38,159,15,339
189,5/10/2024,34,66,15,217
2870,5/10/2024,156,457,16,445
1456,5/10/2024,88,496,5,220
1910,5/11/2024,86,344,13,406
2754,5/11/2024,128,169,12,273
517,5/11/2024,125,430,14,253
304,5/11/2024,77,315,6,264
199,5/11/2024,97,296,14,341
622,5/11/2024,123,148,16,68
1918,5/12/2024,159,422,14,294
4457,5/12/2024,192,389,15,19
3387,5/12/2024,67,422,14,418
4544,5/12/2024,31,74,16,216
1783,5/12/2024,87,380,9,499
3345,5/12/2024,66,3,16,415
863,5/13/2024,199,129,9,387
1630,5/13/2024,169,170,14,436
910,5/13/2024,57,76,12,349
163,5/13/2024,13,88,12,230
981,5/13/2024,70,253,10,54
4034,5/13/2024,104,370,5,441
4811,5/13/2024,12,199,12,401
239,5/14/2024,79,191,14,333
1368,5/14/2024,117,358,15,452
3669,5/14/2024,159,318,19,294
3249,5/14/2024,130,32,19,301
4967,5/14/2024,54,169,19,309
2616,5/14/2024,36,466,7,93
737,5/15/2024,177,382,9,362
164,5/15/2024,14,2,11,483
1263,5/15/2024,165,47,13,273
741,5/15/2024,197,472,13,131
3193,5/15/2024,23,446,4,229
875,5/15/2024,106,78,9,53
2089,5/15/2024,48,418,6,388
4231,5/16/2024,17,73,17,269
59,5/16/2024,41,152,15,150
4622,5/16/2024,105,89,16,385
2023,5/16/2024,76,456,9,350
380,5/16/2024,141,336,14,447
298,5/16/2024,80,427,3,413
2398,5/16/2024,151,406,16,200
539,5/17/2024,52,257,4,19
1041,5/17/2024,82,343,15,52
4812,5/17/2024,140,146,7,239
4881,5/17/2024,164,38,14,376
848,5/17/2024,87,224,12,499
4337,5/18/2024,39,290,1,317
3973,5/18/2024,104,109,5,441
1547,5/19/2024,9,45,5,341
33,5/19/2024,35,317,17,462
3142,5/19/2024,147,164,8,494
2815,5/19/2024,29,387,15,487
4258,5/19/2024,98,139,4,433
3936,5/19/2024,38,200,3,339
4712,5/19/2024,12,134,1,401
1718,5/20/2024,126,364,4,165
1962,5/20/2024,108,34,6,131
3573,5/20/2024,57,143,17,349
269,5/20/2024,29,247,6,487
4328,5/20/2024,98,378,16,433
1292,5/20/2024,77,28,5,264
1950,5/21/2024,93,23,13,352
4578,5/21/2024,4,204,16,143
3876,5/21/2024,11,195,9,279
1933,5/21/2024,54,371,18,309
422,5/21/2024,5,292,16,314
4838,5/21/2024,153,57,13,327
3644,5/21/2024,183,337,17,70
2966,5/21/2024,156,447,14,445
3961,5/22/2024,126,312,18,165
614,5/22/2024,108,219,2,131
2412,5/22/2024,117,338,3,452
2829,5/22/2024,186,395,15,372
762,5/22/2024,5,390,10,314
1654,5/22/2024,176,402,3,106
2220,5/22/2024,84,294,5,189
3079,5/22/2024,84,211,12,189
2190,5/23/2024,147,184,18,494
803,5/23/2024,73,288,14,421
2480,5/23/2024,170,7,8,39
1542,5/24/2024,58,107,19,86
2000,5/24/2024,165,231,12,273
4912,5/24/2024,54,195,18,309
1315,5/24/2024,124,402,8,138
1070,5/25/2024,20,329,12,392
3423,5/25/2024,108,367,7,131
4601,5/25/2024,171,1,5,473
314,5/25/2024,65,265,2,477
2467,5/25/2024,165,403,11,273
1313,5/25/2024,33,236,18,490
1616,5/25/2024,62,189,9,198
690,5/25/2024,2,76,14,206
4737,5/25/2024,44,210,3,206
268,5/25/2024,5,94,16,314
789,5/25/2024,145,384,17,343
1557,5/25/2024,84,36,9,189
4370,5/25/2024,84,361,3,189
4743,5/25/2024,196,475,19,138
957,5/25/2024,194,464,15,129
3052,5/26/2024,75,190,10,209
2405,5/26/2024,47,399,12,364
2272,5/26/2024,11,425,19,279
2823,5/26/2024,158,311,19,476
4854,5/26/2024,158,3,10,476
2747,5/26/2024,104,190,18,441
2248,5/26/2024,61,34,11,25
1193,5/26/2024,3,480,1,151
4880,5/26/2024,170,433,16,39
2965,5/27/2024,53,146,10,122
3316,5/27/2024,7,72,12,237
1237,5/27/2024,61,208,17,25
2530,5/27/2024,113,124,18,247
3348,5/27/2024,96,280,6,333
2967,5/28/2024,157,52,8,390
2923,5/28/2024,43,246,9,331
187,5/28/2024,190,261,13,103
2661,5/28/2024,190,86,1,103
4393,5/28/2024,30,412,4,84
442,5/28/2024,197,29,15,131
1642,5/28/2024,130,39,3,301
1966,5/28/2024,33,458,16,490
4638,5/28/2024,167,99,10,13
3535,5/29/2024,178,211,10,389
3182,5/29/2024,6,1,17,437
4869,5/29/2024,89,384,16,262
3068,5/29/2024,70,372,12,54
1635,5/30/2024,42,102,3,232
203,5/30/2024,86,392,10,406
3096,5/30/2024,28,35,19,350
4993,5/30/2024,7,128,2,237
1764,5/30/2024,136,256,13,84
1404,5/30/2024,8,73,9,85
230,5/30/2024,73,11,18,421
3855,5/30/2024,90,403,1,324
1074,5/30/2024,83,200,5,313
375,5/31/2024,93,38,16,352
4850,5/31/2024,161,22,19,62
900,5/31/2024,165,52,14,273
106,5/31/2024,10,106,9,210
1393,5/31/2024,195,280,10,486
425,5/31/2024,80,376,16,413
2223,6/1/2024,53,100,5,122
74,6/1/2024,111,483,4,308
2594,6/1/2024,15,337,2,329
2241,6/2/2024,168,56,10,455
3446,6/2/2024,138,255,15,174
1279,6/2/2024,28,135,2,350
3651,6/2/2024,111,197,5,308
1929,6/2/2024,122,347,14,368
419,6/2/2024,141,78,6,447
4654,6/2/2024,141,441,8,447
995,6/2/2024,154,301,5,477
4471,6/2/2024,11,109,17,279
1318,6/2/2024,195,199,14,486
2657,6/2/2024,74,145,1,329
4392,6/2/2024,149,386,16,78
3134,6/2/2024,191,170,19,392
1287,6/2/2024,92,308,5,39
1091,6/3/2024,56,324,17,291
4103,6/3/2024,56,410,16,291
4564,6/3/2024,142,42,10,247
4989,6/3/2024,155,419,12,471
153,6/3/2024,136,304,15,84
3853,6/3/2024,31,246,14,216
3321,6/3/2024,129,464,7,252
1905,6/4/2024,20,25,13,392
2219,6/4/2024,42,414,3,232
855,6/4/2024,128,73,8,273
3490,6/4/2024,89,166,10,262
1927,6/4/2024,67,456,2,418
351,6/4/2024,97,100,4,341
4634,6/4/2024,104,387,8,441
1443,6/4/2024,113,328,7,247
3192,6/5/2024,100,370,14,183
274,6/5/2024,62,14,12,198
728,6/5/2024,106,273,1,53
750,6/6/2024,142,373,6,247
1644,6/6/2024,139,9,7,242
2863,6/6/2024,189,223,17,284
4597,6/6/2024,106,185,12,53
192,6/6/2024,136,267,5,84
3245,6/6/2024,136,499,7,84
1251,6/6/2024,46,300,13,287
2446,6/6/2024,113,193,12,247
196,6/7/2024,42,166,4,232
167,6/7/2024,192,45,5,19
2849,6/7/2024,153,139,2,327
3676,6/7/2024,80,468,12,413
4528,6/7/2024,172,20,11,56
4753,6/7/2024,3,96,10,151
3693,6/8/2024,133,308,11,101
4444,6/8/2024,37,296,3,35
4355,6/8/2024,123,456,3,68
219,6/9/2024,10,297,14,210
1337,6/9/2024,115,57,18,291
3278,6/10/2024,192,426,9,19
291,6/10/2024,71,459,13,278
4111,6/10/2024,13,70,8,230
4942,6/10/2024,150,22,2,488
4861,6/10/2024,113,63,2,247
2770,6/10/2024,163,427,3,376
1691,6/11/2024,42,15,15,232
1492,6/11/2024,28,260,11,350
4684,6/11/2024,37,45,13,35
4307,6/11/2024,118,437,12,178
573,6/11/2024,1,317,14,443
3847,6/12/2024,161,89,15,62
1575,6/12/2024,28,102,12,350
70,6/12/2024,64,166,12,239
2902,6/12/2024,14,46,17,483
82,6/12/2024,6,129,12,437
1003,6/12/2024,50,354,18,197
4305,6/12/2024,50,408,12,197
370,6/13/2024,9,171,3,341
2493,6/13/2024,138,487,6,174
1540,6/13/2024,178,344,7,389
1727,6/13/2024,81,52,19,345
3342,6/13/2024,51,147,15,252
4268,6/14/2024,119,365,7,414
768,6/14/2024,6,398,16,437
711,6/14/2024,44,474,12,206
2194,6/14/2024,183,346,12,70
4727,6/15/2024,42,8,3,232
4923,6/15/2024,69,257,17,192
4257,6/15/2024,89,476,16,262
763,6/15/2024,190,484,9,103
4760,6/15/2024,106,69,3,53
3575,6/15/2024,195,19,2,486
590,6/15/2024,60,128,7,211
2859,6/15/2024,97,330,12,341
1618,6/15/2024,163,92,9,376
3901,6/15/2024,94,321,13,489
3909,6/16/2024,101,89,2,454
4804,6/16/2024,155,140,15,471
3609,6/16/2024,80,99,16,413
4421,6/16/2024,50,38,9,197
1466,6/17/2024,131,29,7,91
3735,6/17/2024,130,290,11,301
168,6/17/2024,44,409,9,206
295,6/17/2024,48,177,16,388
3204,6/18/2024,26,322,6,425
4149,6/18/2024,7,186,19,237
466,6/18/2024,80,330,18,413
4000,6/18/2024,160,332,12,306
1812,6/19/2024,171,453,7,473
1286,6/19/2024,89,445,6,262
1907,6/19/2024,13,273,10,230
536,6/20/2024,199,149,17,387
2758,6/20/2024,181,497,15,40
179,6/20/2024,152,33,16,126
4323,6/20/2024,189,286,7,284
102,6/20/2024,137,151,1,267
3458,6/20/2024,34,232,19,217
4717,6/20/2024,148,209,3,217
3408,6/20/2024,194,410,17,129
2475,6/21/2024,168,334,16,455
1953,6/21/2024,93,134,8,352
4263,6/21/2024,161,146,13,62
166,6/21/2024,21,367,7,452
4494,6/21/2024,111,120,6,308
116,6/21/2024,23,108,5,229
3738,6/21/2024,154,471,5,477
2137,6/21/2024,12,277,7,401
785,6/22/2024,22,139,13,330
4487,6/22/2024,166,36,8,400
3556,6/22/2024,26,345,8,425
1089,6/22/2024,148,500,8,217
1472,6/22/2024,32,339,15,40
3787,6/22/2024,160,83,13,306
4100,6/22/2024,191,346,9,392
1018,6/22/2024,88,385,1,220
3829,6/22/2024,88,442,17,220
3239,6/23/2024,114,370,1,195
2743,6/23/2024,162,28,12,126
3430,6/23/2024,178,118,17,389
2847,6/23/2024,45,449,6,348
2265,6/23/2024,98,279,13,433
4178,6/23/2024,175,232,2,33
238,6/23/2024,134,453,3,138
3315,6/23/2024,46,360,9,287
3590,6/23/2024,112,105,7,217
1424,6/23/2024,170,374,14,39
1437,6/23/2024,88,21,7,220
3606,6/24/2024,17,356,17,269
2129,6/24/2024,165,279,1,273
630,6/24/2024,15,101,17,329
204,6/24/2024,158,201,12,476
242,6/24/2024,145,242,15,343
3028,6/24/2024,156,312,5,445
3618,6/25/2024,9,122,15,341
2274,6/25/2024,171,288,5,473
2401,6/25/2024,99,394,18,428
2897,6/25/2024,177,497,10,362
2679,6/26/2024,108,185,6,131
3962,6/26/2024,166,145,4,400
2937,6/26/2024,89,402,18,262
4929,6/26/2024,190,95,13,103
1392,6/26/2024,87,248,15,499
4891,6/27/2024,22,328,4,330
3480,6/27/2024,42,139,2,232
1890,6/27/2024,178,460,17,389
4604,6/27/2024,192,18,14,19
1440,6/27/2024,134,316,5,138
4574,6/27/2024,104,12,12,441
1922,6/27/2024,135,473,10,360
96,6/28/2024,147,494,10,494
4621,6/28/2024,67,54,6,418
1716,6/28/2024,19,51,4,328
939,6/28/2024,158,203,17,476
3463,6/28/2024,129,401,1,252
1931,6/28/2024,150,193,1,488
4032,6/28/2024,151,5,17,200
958,6/28/2024,12,250,1,401
746,6/29/2024,35,135,3,462
1365,6/29/2024,166,56,4,400
4109,6/29/2024,26,311,16,425
1434,6/29/2024,137,407,13,267
4731,6/29/2024,44,113,2,206
3879,6/29/2024,85,40,9,442
1035,6/30/2024,93,318,14,352
1125,6/30/2024,82,419,12,52
623,6/30/2024,155,13,14,471
2033,6/30/2024,37,266,1,35
4317,6/30/2024,106,113,12,53
3529,6/30/2024,71,458,2,278
1371,6/30/2024,135,22,15,360
1461,7/1/2024,101,316,16,454
3253,7/1/2024,75,195,8,209
2761,7/1/2024,159,43,13,294
1949,7/1/2024,165,199,12,273
2344,7/1/2024,180,247,12,237
2158,7/1/2024,170,362,9,39
3070,7/2/2024,45,343,10,348
582,7/2/2024,123,175,18,68
2169,7/2/2024,120,475,9,299
1419,7/2/2024,90,347,14,324
4911,7/3/2024,56,231,9,291
3646,7/3/2024,41,289,10,150
243,7/3/2024,156,227,4,445
4210,7/3/2024,164,49,2,376
2440,7/3/2024,87,36,10,499
3681,7/3/2024,194,291,15,129
4458,7/4/2024,155,200,2,471
2874,7/4/2024,43,31,5,331
3299,7/4/2024,175,396,3,33
3632,7/4/2024,44,476,10,206
2813,7/4/2024,74,443,4,329
731,7/4/2024,135,414,4,360
3032,7/4/2024,68,384,15,192
2382,7/5/2024,189,489,10,284
3073,7/5/2024,71,1,6,278
1161,7/5/2024,34,313,12,217
3083,7/5/2024,187,84,8,196
2589,7/5/2024,96,258,17,333
1896,7/6/2024,139,320,10,242
2667,7/6/2024,177,220,4,362
827,7/6/2024,25,388,10,326
2910,7/6/2024,25,452,16,326
3013,7/6/2024,133,165,4,101
1841,7/6/2024,71,206,2,278
4771,7/6/2024,187,204,19,196
3122,7/6/2024,172,471,11,56
279,7/7/2024,126,492,6,165
47,7/7/2024,162,242,14,126
1274,7/7/2024,181,360,15,40
3923,7/7/2024,69,90,7,192
1664,7/7/2024,21,278,11,452
947,7/7/2024,186,138,5,372
1004,7/7/2024,62,52,10,198
281,7/7/2024,135,110,17,360
1116,7/7/2024,94,107,14,489
1357,7/8/2024,53,254,12,122
1869,7/8/2024,199,183,1,387
29,7/8/2024,63,100,18,285
3493,7/8/2024,117,304,1,452
2973,7/8/2024,33,323,18,490
157,7/8/2024,103,106,1,375
3778,7/8/2024,97,127,10,341
2691,7/8/2024,156,83,14,445
3679,7/8/2024,143,275,15,101
4190,7/9/2024,114,302,9,195
3208,7/9/2024,64,71,17,239
502,7/9/2024,24,204,11,26
1920,7/9/2024,133,306,15,101
1054,7/9/2024,102,177,18,130
2537,7/9/2024,13,457,15,230
4363,7/9/2024,134,423,9,138
4871,7/10/2024,99,352,9,428
797,7/10/2024,111,299,10,308
1685,7/10/2024,190,430,10,103
4054,7/10/2024,91,457,14,120
3152,7/10/2024,156,20,13,445
2411,7/10/2024,87,389,6,499
477,7/10/2024,81,95,9,345
4921,7/10/2024,66,168,18,415
2963,7/11/2024,82,96,10,52
55,7/11/2024,147,429,13,494
2336,7/11/2024,132,254,9,74
100,7/11/2024,178,466,16,389
1241,7/11/2024,165,160,14,273
2785,7/11/2024,106,355,9,53
527,7/11/2024,60,71,10,211
3407,7/11/2024,160,372,14,306
1739,7/11/2024,50,5,9,197
3235,7/11/2024,50,439,4,197
3123,7/12/2024,108,267,12,131
2264,7/12/2024,58,84,10,86
2989,7/12/2024,56,480,6,291
907,7/12/2024,157,287,15,390
2787,7/12/2024,18,260,13,122
2292,7/12/2024,153,425,3,327
1375,7/12/2024,61,374,14,25
4453,7/12/2024,61,135,19,25
2027,7/12/2024,150,69,2,488
1459,7/12/2024,188,487,5,51
2658,7/12/2024,66,480,6,415
697,7/13/2024,107,196,11,390
1312,7/13/2024,77,352,18,264
1620,7/13/2024,1,379,11,443
2996,7/13/2024,96,305,19,333
1006,7/14/2024,42,409,13,232
3058,7/14/2024,49,156,13,410
1867,7/14/2024,186,63,2,372
1422,7/14/2024,133,352,1,101
2892,7/14/2024,154,267,19,477
3559,7/14/2024,91,280,19,120
1769,7/14/2024,172,30,7,56
4055,7/14/2024,188,136,2,51
2916,7/15/2024,101,324,7,454
4898,7/15/2024,82,216,8,52
4997,7/15/2024,162,182,15,126
4664,7/15/2024,6,275,9,437
2669,7/15/2024,97,478,13,341
3840,7/15/2024,61,390,7,25
4790,7/15/2024,55,188,17,255
1247,7/15/2024,179,295,8,80
1938,7/15/2024,194,346,7,129
1967,7/16/2024,17,127,17,269
493,7/16/2024,27,408,19,78
2551,7/16/2024,190,284,1,103
1756,7/16/2024,125,238,7,253
1417,7/16/2024,151,47,9,200
3398,7/17/2024,161,166,8,62
4905,7/17/2024,40,436,6,192
3148,7/17/2024,75,204,16,209
4087,7/17/2024,37,435,18,35
1550,7/17/2024,154,106,13,477
3012,7/17/2024,84,266,18,189
1534,7/18/2024,75,335,10,209
499,7/18/2024,5,25,4,314
4475,7/18/2024,149,480,13,78
2926,7/19/2024,69,74,7,192
109,7/19/2024,159,197,14,294
2904,7/19/2024,47,263,12,364
705,7/19/2024,198,98,4,302
2634,7/19/2024,77,4,4,264
1568,7/19/2024,194,86,1,129
4698,7/20/2024,52,273,6,19
133,7/20/2024,107,126,8,390
4153,7/20/2024,42,293,4,232
2439,7/20/2024,131,84,6,91
3955,7/20/2024,195,48,19,486
4526,7/20/2024,118,33,14,178
1538,7/20/2024,51,387,16,252
949,7/21/2024,133,70,12,101
733,7/21/2024,141,329,11,447
706,7/21/2024,54,332,15,309
895,7/22/2024,101,89,11,454
1268,7/22/2024,35,247,17,462
127,7/22/2024,159,218,13,294
4508,7/22/2024,182,184,18,178
3244,7/22/2024,113,104,11,247
1402,7/23/2024,57,405,4,349
4510,7/23/2024,186,436,16,372
1868,7/23/2024,165,377,6,273
4917,7/23/2024,19,180,6,328
1656,7/23/2024,44,272,4,206
2544,7/23/2024,134,151,16,138
3641,7/23/2024,32,234,15,40
2429,7/24/2024,139,318,18,242
3990,7/24/2024,130,129,7,301
4673,7/24/2024,144,422,6,218
1811,7/24/2024,127,486,8,37
1136,7/24/2024,90,153,1,324
4588,7/24/2024,151,85,10,200
4640,7/25/2024,78,354,19,319
1206,7/25/2024,42,321,14,232
4714,7/25/2024,21,95,14,452
4954,7/25/2024,62,121,2,198
2280,7/25/2024,134,409,2,138
4834,7/25/2024,188,231,6,51
4144,7/25/2024,55,471,11,255
3334,7/26/2024,180,160,18,237
2387,7/26/2024,133,27,10,101
2998,7/26/2024,72,397,14,35
1913,7/26/2024,183,280,2,70
511,7/26/2024,95,15,10,295
1326,7/26/2024,167,425,6,13
658,7/27/2024,128,118,19,273
2508,7/27/2024,25,378,1,326
3380,7/27/2024,30,27,10,84
2191,7/27/2024,133,367,18,101
3442,7/27/2024,133,457,16,101
2182,7/27/2024,104,455,3,441
1515,7/27/2024,135,237,7,360
1314,7/28/2024,161,116,1,62
4230,7/28/2024,18,261,10,122
2090,7/28/2024,25,189,18,326
4011,7/28/2024,38,281,15,339
4076,7/28/2024,70,79,3,54
2104,7/28/2024,187,222,2,196
194,7/29/2024,126,328,12,165
1124,7/29/2024,67,177,16,418
1386,7/29/2024,115,291,7,291
943,7/29/2024,54,365,1,309
2320,7/29/2024,198,309,4,302
2664,7/29/2024,73,12,1,421
2845,7/29/2024,193,446,4,162
2257,7/30/2024,174,489,9,420
793,7/30/2024,159,115,18,294
4988,7/30/2024,106,182,8,53
2490,7/30/2024,5,131,18,314
3634,7/30/2024,183,107,11,70
3273,7/30/2024,145,364,3,343
1799,7/31/2024,53,210,10,122
2502,7/31/2024,9,214,3,341
471,7/31/2024,169,347,14,436
229,7/31/2024,122,380,8,368
4907,7/31/2024,24,65,15,26
3544,7/31/2024,62,163,16,198
801,7/31/2024,54,45,13,309
377,7/31/2024,109,332,17,302
3356,7/31/2024,109,155,3,302
3468,7/31/2024,140,405,4,239
3007,7/31/2024,84,498,12,189
3399,7/31/2024,95,240,12,295
3451,7/31/2024,87,443,19,499
2026,7/31/2024,188,455,8,51
3454,7/31/2024,188,96,17,51
4789,8/1/2024,24,457,8,26
184,8/1/2024,109,295,9,302
1463,8/1/2024,153,465,14,327
3225,8/1/2024,94,348,6,489
3619,8/2/2024,119,114,17,414
3906,8/2/2024,28,213,6,350
1995,8/2/2024,64,308,18,239
1524,8/2/2024,21,183,17,452
866,8/2/2024,11,29,4,279
973,8/2/2024,136,128,5,84
3848,8/2/2024,74,274,9,329
328,8/2/2024,129,286,7,252
2085,8/3/2024,93,5,15,352
3303,8/4/2024,168,112,7,455
3060,8/4/2024,27,351,4,78
4915,8/4/2024,117,269,8,452
1396,8/4/2024,99,428,18,428
3565,8/4/2024,143,261,12,101
882,8/5/2024,53,47,17,122
4255,8/5/2024,131,65,1,91
2402,8/5/2024,105,56,19,385
1837,8/5/2024,18,203,14,122
2374,8/5/2024,115,288,1,291
277,8/5/2024,76,404,17,350
2609,8/5/2024,154,363,4,477
467,8/5/2024,95,167,13,295
3518,8/5/2024,95,182,18,295
1092,8/5/2024,16,9,4,152
4889,8/6/2024,192,307,4,19
2913,8/6/2024,130,144,15,301
3261,8/6/2024,149,338,2,78
2261,8/6/2024,55,156,1,255
4687,8/7/2024,126,480,2,165
2044,8/7/2024,107,432,3,390
1596,8/7/2024,101,441,8,454
4331,8/7/2024,43,384,19,331
3189,8/7/2024,11,347,3,279
367,8/7/2024,54,454,12,309
2373,8/7/2024,148,473,5,217
2302,8/7/2024,120,393,10,299
4859,8/7/2024,32,219,14,40
2102,8/8/2024,93,315,12,352
3515,8/8/2024,75,114,6,209
873,8/8/2024,122,334,10,368
2106,8/8/2024,112,119,1,217
2452,8/9/2024,108,346,11,131
1917,8/9/2024,114,176,11,195
2681,8/9/2024,182,121,15,178
3004,8/9/2024,80,264,8,413
1254,8/9/2024,46,19,4,287
4470,8/9/2024,113,160,19,247
52,8/10/2024,181,191,5,40
4372,8/10/2024,100,479,7,183
95,8/10/2024,190,407,16,103
175,8/10/2024,74,338,18,329
1309,8/10/2024,60,9,11,211
678,8/10/2024,185,479,4,202
2110,8/10/2024,36,33,11,93
355,8/11/2024,27,4,5,78
3691,8/11/2024,35,369,6,462
500,8/11/2024,117,406,10,452
152,8/11/2024,38,285,17,339
1052,8/12/2024,69,51,1,192
2001,8/12/2024,102,122,13,130
4800,8/12/2024,44,489,8,206
4278,8/12/2024,80,349,4,413
3846,8/12/2024,73,211,6,421
4818,8/12/2024,148,49,16,217
3290,8/12/2024,46,420,17,287
634,8/12/2024,164,377,2,376
3216,8/13/2024,199,279,7,387
2038,8/13/2024,63,57,11,285
3642,8/13/2024,28,179,17,350
976,8/13/2024,41,158,1,150
2014,8/13/2024,186,228,5,372
2613,8/13/2024,25,133,13,326
1143,8/13/2024,5,60,10,314
1230,8/13/2024,97,83,19,341
1961,8/13/2024,97,55,3,341
3501,8/13/2024,158,315,4,476
4072,8/13/2024,134,441,5,138
2972,8/13/2024,104,32,9,441
4428,8/14/2024,139,50,18,242
91,8/14/2024,147,319,17,494
2920,8/14/2024,147,321,9,494
1527,8/14/2024,45,209,3,348
4018,8/14/2024,133,34,11,101
4932,8/14/2024,39,320,17,317
4237,8/14/2024,84,227,3,189
3130,8/15/2024,78,374,8,319
2765,8/15/2024,69,318,16,192
890,8/15/2024,180,372,17,237
3726,8/15/2024,102,232,11,130
1958,8/15/2024,103,283,13,375
3707,8/15/2024,121,350,1,103
972,8/16/2024,43,62,13,331
3835,8/16/2024,130,335,17,301
1325,8/16/2024,39,392,3,317
4964,8/16/2024,38,229,9,339
2423,8/16/2024,46,492,12,287
2003,8/16/2024,188,298,17,51
2626,8/17/2024,17,206,3,269
3812,8/17/2024,101,343,16,454
2907,8/17/2024,56,295,2,291
1002,8/17/2024,167,206,18,13
1971,8/17/2024,172,55,3,56
2186,8/18/2024,59,20,10,10
4154,8/18/2024,59,463,8,10
4992,8/18/2024,169,99,14,436
1146,8/18/2024,33,294,1,490
2579,8/18/2024,193,279,3,162
2735,8/19/2024,114,298,13,195
1060,8/19/2024,177,198,4,362
1988,8/19/2024,155,192,3,471
271,8/19/2024,64,474,13,239
868,8/19/2024,62,316,9,198
4549,8/19/2024,62,455,1,198
4304,8/19/2024,5,119,16,314
3373,8/19/2024,183,440,18,70
1999,8/19/2024,194,443,19,129
1733,8/20/2024,162,400,13,126
92,8/20/2024,75,189,5,209
3907,8/20/2024,29,126,4,487
2397,8/20/2024,98,287,13,433
98,8/20/2024,116,467,9,144
1749,8/20/2024,125,116,9,253
4009,8/20/2024,145,107,18,343
253,8/20/2024,104,117,11,441
1250,8/20/2024,123,452,6,68
4520,8/20/2024,48,367,2,388
4012,8/20/2024,85,33,10,442
126,8/21/2024,76,33,18,350
1879,8/21/2024,136,209,3,84
3942,8/21/2024,136,338,5,84
2790,8/21/2024,148,23,15,217
1663,8/21/2024,51,178,13,252
760,8/21/2024,94,333,1,489
1776,8/22/2024,142,68,14,247
150,8/22/2024,162,226,5,126
366,8/22/2024,43,99,10,331
4652,8/22/2024,89,365,15,262
2675,8/22/2024,7,370,2,237
1065,8/22/2024,106,127,10,53
2861,8/22/2024,2,206,12,206
4884,8/22/2024,80,484,15,413
2226,8/22/2024,156,402,16,445
2478,8/22/2024,61,309,14,25
2105,8/22/2024,143,275,5,101
3729,8/22/2024,96,53,4,333
4506,8/23/2024,22,455,10,330
4830,8/23/2024,53,183,1,122
401,8/23/2024,139,209,17,242
4119,8/23/2024,131,212,8,91
326,8/23/2024,21,146,2,452
1348,8/23/2024,116,72,1,144
3213,8/23/2024,197,278,15,131
2266,8/23/2024,103,422,9,375
1592,8/23/2024,127,400,15,37
4464,8/23/2024,51,364,13,252
3233,8/23/2024,179,470,15,80
3210,8/24/2024,132,198,14,74
1900,8/24/2024,18,269,4,122
3740,8/24/2024,91,209,7,120
3147,8/24/2024,176,6,7,106
3243,8/24/2024,1,445,16,443
1902,8/24/2024,191,429,5,392
1236,8/24/2024,81,325,18,345
1027,8/24/2024,179,472,7,80
391,8/25/2024,126,157,4,165
4977,8/25/2024,119,436,2,414
3403,8/25/2024,110,424,4,229
1262,8/25/2024,75,189,11,209
159,8/25/2024,190,85,2,103
1020,8/25/2024,197,455,19,131
1672,8/25/2024,135,454,11,360
3937,8/25/2024,118,231,16,178
2042,8/25/2024,191,294,8,392
4437,8/26/2024,108,453,16,131
4391,8/26/2024,171,145,16,473
1367,8/26/2024,142,432,1,247
2786,8/26/2024,111,209,2,308
1641,8/26/2024,67,237,13,418
2723,8/26/2024,25,311,12,326
611,8/26/2024,39,497,19,317
4194,8/26/2024,13,363,11,230
3836,8/26/2024,54,469,4,309
4138,8/26/2024,51,438,6,252
4183,8/27/2024,181,150,4,40
1322,8/27/2024,147,284,1,494
749,8/27/2024,137,482,9,267
3524,8/27/2024,39,344,19,317
650,8/27/2024,73,302,19,421
1001,8/28/2024,119,122,1,414
15,8/28/2024,108,429,4,131
4483,8/28/2024,33,441,13,490
3783,8/28/2024,149,310,15,78
1585,8/28/2024,164,350,9,376
2120,8/28/2024,92,150,12,39
4910,8/28/2024,66,153,12,415
3700,8/29/2024,53,217,3,122
2611,8/29/2024,27,406,6,78
840,8/29/2024,49,35,2,410
599,8/29/2024,6,435,3,437
1790,8/29/2024,38,162,18,339
937,8/29/2024,124,126,10,138
431,8/29/2024,160,482,6,306
2644,8/30/2024,53,453,6,122
273,8/30/2024,110,416,13,229
114,8/30/2024,69,67,15,192
386,8/30/2024,21,95,14,452
3899,8/30/2024,45,325,13,348
1932,8/30/2024,130,10,5,301
543,8/30/2024,106,456,13,53
1539,8/30/2024,136,122,1,84
856,8/30/2024,179,25,2,80
4442,8/31/2024,174,487,13,420
2054,8/31/2024,177,388,8,362
63,8/31/2024,155,164,14,471
4764,8/31/2024,71,3,11,278
1935,8/31/2024,195,341,2,486
2151,8/31/2024,153,51,13,327
4945,9/1/2024,132,266,13,74
561,9/1/2024,136,270,8,84
669,9/1/2024,77,44,6,264
2124,9/1/2024,183,249,13,70
548,9/1/2024,81,172,4,345
4043,9/2/2024,17,231,14,269
3520,9/2/2024,10,282,3,210
2719,9/2/2024,31,479,15,216
956,9/2/2024,118,311,6,178
4264,9/2/2024,191,209,16,392
3782,9/3/2024,110,117,8,229
4947,9/3/2024,114,306,3,195
798,9/3/2024,41,65,14,150
2712,9/3/2024,192,19,5,19
1342,9/3/2024,180,45,15,237
3389,9/3/2024,143,97,15,101
1828,9/3/2024,191,195,7,392
4404,9/3/2024,66,197,1,415
1401,9/4/2024,99,187,19,428
1717,9/4/2024,169,44,9,436
4156,9/4/2024,60,159,8,211
3830,9/4/2024,158,58,15,476
2755,9/4/2024,191,315,1,392
205,9/5/2024,186,288,13,372
2880,9/5/2024,11,45,4,279
359,9/5/2024,183,135,13,70
979,9/5/2024,80,27,8,413
3394,9/5/2024,148,495,15,217
4769,9/5/2024,124,60,17,138
2525,9/5/2024,48,180,5,388
4788,9/6/2024,20,298,10,392
4476,9/6/2024,37,56,9,35
3241,9/6/2024,106,496,5,53
2571,9/6/2024,191,338,8,392
2369,9/6/2024,170,162,10,39
411,9/7/2024,40,335,1,192
1581,9/7/2024,182,37,5,178
135,9/7/2024,67,156,17,418
2908,9/7/2024,23,28,19,229
2839,9/7/2024,44,252,3,206
487,9/7/2024,31,263,7,216
3418,9/7/2024,123,124,2,68
4385,9/7/2024,188,330,18,51
4450,9/7/2024,188,366,17,51
4888,9/8/2024,56,232,6,291
714,9/8/2024,157,52,13,390
2523,9/8/2024,6,187,4,437
514,9/8/2024,89,363,16,262
3465,9/8/2024,125,87,2,253
2864,9/8/2024,141,483,8,447
3934,9/8/2024,73,229,1,421
1984,9/8/2024,140,301,18,239
286,9/8/2024,120,261,11,299
4152,9/8/2024,167,440,8,13
4280,9/8/2024,68,259,14,192
3789,9/9/2024,107,285,17,390
2655,9/9/2024,131,15,6,91
1519,9/9/2024,190,223,5,103
376,9/9/2024,54,463,10,309
510,9/9/2024,156,172,16,445
1640,9/9/2024,156,185,13,445
1285,9/9/2024,90,210,11,324
805,9/9/2024,193,325,9,162
610,9/10/2024,177,453,8,362
1866,9/10/2024,83,464,7,313
2174,9/10/2024,85,228,1,442
3511,9/11/2024,17,168,9,269
4433,9/11/2024,189,429,18,284
4148,9/11/2024,180,316,19,237
3099,9/11/2024,133,298,17,101
165,9/11/2024,70,406,18,54
915,9/11/2024,109,336,4,302
1599,9/11/2024,146,342,18,422
3668,9/11/2024,160,287,4,306
1498,9/11/2024,170,234,15,39
2834,9/11/2024,68,97,6,192
1385,9/12/2024,82,261,8,52
792,9/12/2024,26,277,1,425
4995,9/12/2024,152,43,8,126
2017,9/12/2024,2,326,5,206
4197,9/12/2024,187,291,16,196
596,9/13/2024,159,37,8,294
1288,9/13/2024,155,289,10,471
674,9/13/2024,60,28,15,211
4348,9/13/2024,73,413,14,421
4315,9/13/2024,164,206,6,376
2804,9/13/2024,81,55,6,345
2868,9/14/2024,174,492,8,420
4934,9/14/2024,42,10,2,232
4620,9/14/2024,24,257,5,26
4122,9/14/2024,125,389,5,253
498,9/14/2024,90,333,10,324
4129,9/14/2024,81,335,14,345
2319,9/15/2024,93,214,11,352
3103,9/15/2024,75,215,14,209
4650,9/15/2024,47,269,12,364
2165,9/15/2024,152,141,1,126
2005,9/15/2024,133,157,11,101
4164,9/15/2024,153,405,13,327
2514,9/15/2024,185,488,6,202
2045,9/15/2024,176,489,3,106
3816,9/15/2024,55,130,16,255
2282,9/16/2024,17,43,6,269
1991,9/16/2024,4,336,18,143
3930,9/16/2024,105,128,13,385
353,9/16/2024,190,144,9,103
3743,9/16/2024,180,55,10,237
4329,9/16/2024,141,154,12,447
1203,9/16/2024,39,383,1,317
4251,9/16/2024,13,229,17,230
672,9/16/2024,158,235,15,476
236,9/16/2024,31,249,11,216
4633,9/16/2024,188,333,18,51
3211,9/17/2024,161,440,18,62
4541,9/17/2024,40,340,1,192
648,9/17/2024,169,194,11,436
2941,9/17/2024,189,72,13,284
3056,9/17/2024,24,450,2,26
1937,9/17/2024,140,443,12,239
2814,9/17/2024,118,75,18,178
4459,9/17/2024,16,283,12,152
3069,9/17/2024,66,240,1,415
1196,9/18/2024,79,370,4,333
292,9/18/2024,86,244,19,406
3678,9/18/2024,4,438,19,143
4877,9/18/2024,64,105,9,239
2547,9/18/2024,37,226,18,35
4885,9/18/2024,37,183,15,35
3114,9/18/2024,198,305,15,302
1588,9/18/2024,196,173,19,138
1606,9/18/2024,170,450,17,39
4694,9/18/2024,88,312,7,220
2295,9/19/2024,138,264,14,174
2653,9/19/2024,82,257,16,52
3810,9/19/2024,4,493,1,143
807,9/19/2024,87,74,7,499
4715,9/19/2024,92,471,2,39
777,9/19/2024,96,108,2,333
2518,9/20/2024,69,289,15,192
1047,9/20/2024,178,131,10,389
221,9/20/2024,152,319,19,126
2772,9/20/2024,98,369,5,433
3491,9/20/2024,50,88,7,197
3,9/21/2024,126,270,3,165
4335,9/21/2024,152,419,1,126
3279,9/21/2024,133,347,5,101
881,9/21/2024,154,311,12,477
4645,9/21/2024,150,373,15,488
1605,9/21/2024,87,217,10,499
1544,9/22/2024,108,380,3,131
4354,9/22/2024,69,268,9,192
3979,9/22/2024,169,230,10,436
68,9/22/2024,100,90,19,183
4223,9/22/2024,30,120,17,84
301,9/22/2024,112,409,17,217
621,9/23/2024,159,11,16,294
4720,9/23/2024,190,490,9,103
3967,9/23/2024,54,15,4,309
1940,9/23/2024,135,163,12,360
3001,9/23/2024,146,122,16,422
2469,9/23/2024,194,174,5,129
2269,9/23/2024,66,396,10,415
4839,9/24/2024,22,80,14,330
3011,9/24/2024,40,334,18,192
2646,9/24/2024,117,188,15,452
4172,9/24/2024,29,73,11,487
464,9/24/2024,19,455,10,328
2788,9/24/2024,5,457,11,314
231,9/24/2024,148,344,4,217
3255,9/24/2024,172,427,19,56
1351,9/24/2024,55,7,4,255
698,9/24/2024,179,64,19,80
2807,9/24/2024,179,444,8,80
3650,9/25/2024,9,428,12,341
3441,9/25/2024,14,345,12,483
4112,9/25/2024,130,343,19,301
2811,9/25/2024,175,473,15,33
4030,9/25/2024,198,370,14,302
4767,9/25/2024,172,243,14,56
2468,9/25/2024,151,314,13,200
1820,9/25/2024,96,398,15,333
4516,9/26/2024,47,241,18,364
4598,9/26/2024,103,275,16,375
4333,9/26/2024,87,37,13,499
3496,9/27/2024,93,320,9,352
1637,9/27/2024,75,240,17,209
62,9/27/2024,65,420,5,477
200,9/27/2024,190,344,11,103
4314,9/27/2024,150,112,15,488
1747,9/27/2024,88,37,17,220
4279,9/28/2024,9,216,9,341
1273,9/28/2024,166,218,18,400
2197,9/28/2024,42,498,15,232
1104,9/28/2024,128,125,6,273
4410,9/28/2024,180,207,8,237
418,9/28/2024,149,188,10,78
3975,9/28/2024,97,191,1,341
1429,9/28/2024,127,197,19,37
3101,9/28/2024,135,152,7,360
3267,9/28/2024,32,410,18,40
4157,9/28/2024,191,300,8,392
2877,9/28/2024,184,179,7,363
4216,9/28/2024,12,294,12,401
3362,9/29/2024,107,384,5,390
3406,9/29/2024,28,420,15,350
321,9/29/2024,15,118,3,329
3381,9/29/2024,140,384,1,239
4641,9/30/2024,56,208,1,291
2639,9/30/2024,35,229,8,462
2687,9/30/2024,177,124,19,362
4722,9/30/2024,64,47,10,239
4467,9/30/2024,192,475,12,19
2682,9/30/2024,136,370,5,84
4155,9/30/2024,164,403,18,376
3628,9/30/2024,163,185,16,376
4189,9/30/2024,96,308,14,333
1912,10/1/2024,126,479,13,165
999,10/1/2024,122,436,17,368
2595,10/1/2024,10,151,17,210
1304,10/1/2024,34,364,15,217
2554,10/1/2024,145,19,1,343
3100,10/1/2024,32,58,8,40
438,10/2/2024,49,341,11,410
93,10/2/2024,18,477,16,122
3433,10/2/2024,102,84,12,130
348,10/2/2024,167,197,19,13
3509,10/2/2024,85,391,14,442
4900,10/3/2024,30,406,10,84
788,10/3/2024,198,130,18,302
3234,10/3/2024,32,126,10,40
1772,10/4/2024,78,276,19,319
2784,10/4/2024,171,298,11,473
3997,10/4/2024,26,426,5,425
2485,10/4/2024,33,48,5,490
891,10/4/2024,149,288,14,78
1942,10/4/2024,185,325,8,202
3115,10/4/2024,129,265,7,252
4742,10/5/2024,82,313,8,52
1331,10/5/2024,147,417,4,494
2707,10/5/2024,89,295,12,262
1777,10/5/2024,45,104,12,348
4075,10/5/2024,133,258,3,101
2628,10/5/2024,200,394,16,471
574,10/5/2024,61,137,5,25
1487,10/5/2024,193,149,18,162
2591,10/5/2024,51,451,15,252
2553,10/5/2024,170,125,1,39
3376,10/5/2024,68,231,17,192
1303,10/6/2024,182,233,15,178
3350,10/6/2024,165,409,4,273
4571,10/6/2024,130,346,1,301
2122,10/6/2024,124,465,2,138
4709,10/6/2024,156,220,6,445
617,10/6/2024,167,274,8,13
1835,10/6/2024,68,214,14,192
4053,10/7/2024,58,353,6,86
3859,10/7/2024,86,479,15,406
61,10/7/2024,57,75,13,349
4384,10/7/2024,182,416,19,178
1561,10/7/2024,45,350,14,348
2086,10/7/2024,67,141,15,418
2640,10/7/2024,115,432,15,291
3952,10/7/2024,60,33,11,211
1444,10/7/2024,127,274,3,37
3271,10/7/2024,31,11,7,216
716,10/7/2024,92,489,5,39
565,10/8/2024,27,281,12,78
1324,10/8/2024,147,195,16,494
2472,10/8/2024,64,196,14,239
3026,10/8/2024,89,288,14,262
1976,10/8/2024,115,6,12,291
3390,10/8/2024,120,311,8,299
2520,10/9/2024,52,423,7,19
3904,10/9/2024,58,142,17,86
482,10/9/2024,82,178,17,52
290,10/9/2024,166,368,3,400
625,10/9/2024,139,70,16,242
99,10/9/2024,67,146,9,418
3206,10/9/2024,30,234,10,84
347,10/10/2024,22,190,15,330
4105,10/10/2024,78,271,8,319
178,10/10/2024,19,26,19,328
4879,10/10/2024,8,78,4,85
3352,10/10/2024,200,283,10,471
1275,10/10/2024,36,266,8,93
1836,10/10/2024,55,130,13,255
3557,10/11/2024,169,414,18,436
4220,10/11/2024,159,51,2,294
1911,10/11/2024,165,196,6,273
1522,10/11/2024,190,497,5,103
1951,10/11/2024,104,196,14,441
3432,10/11/2024,84,40,10,189
2901,10/12/2024,162,411,8,126
1305,10/12/2024,116,238,3,144
1457,10/12/2024,133,471,2,101
3199,10/12/2024,133,45,8,101
1151,10/12/2024,77,279,12,264
713,10/12/2024,196,146,11,138
4159,10/13/2024,89,426,2,262
4341,10/13/2024,133,296,1,101
2952,10/13/2024,175,214,10,33
1298,10/13/2024,125,265,15,253
140,10/13/2024,154,249,2,477
1884,10/13/2024,34,176,3,217
1380,10/13/2024,121,225,12,103
2879,10/14/2024,168,480,19,455
1819,10/14/2024,56,354,17,291
303,10/14/2024,86,164,1,406
2536,10/14/2024,122,437,15,368
299,10/14/2024,77,371,12,264
4225,10/15/2024,161,249,5,62
3237,10/15/2024,35,90,16,462
3516,10/15/2024,4,480,16,143
3675,10/15/2024,29,3,4,487
1548,10/15/2024,122,349,13,368
305,10/15/2024,54,387,17,309
1477,10/15/2024,196,162,5,138
2693,10/16/2024,93,187,3,352
4762,10/16/2024,59,218,8,10
3252,10/16/2024,162,275,6,126
3464,10/16/2024,137,281,14,267
3643,10/16/2024,62,413,19,198
748,10/16/2024,71,464,14,278
2035,10/16/2024,150,347,8,488
2533,10/16/2024,172,176,5,56
4173,10/16/2024,81,458,7,345
1491,10/17/2024,166,64,6,400
3884,10/17/2024,86,346,5,406
3525,10/17/2024,116,323,2,144
1602,10/17/2024,133,78,7,101
2624,10/17/2024,13,196,13,230
687,10/17/2024,60,45,16,211
3137,10/17/2024,34,192,5,217
2351,10/17/2024,31,296,15,216
363,10/17/2024,200,259,16,471
3814,10/18/2024,182,463,6,178
3248,10/18/2024,49,446,5,410
4894,10/18/2024,29,164,9,487
3076,10/18/2024,67,486,19,418
4234,10/18/2024,30,396,12,84
1045,10/18/2024,38,411,10,339
2662,10/18/2024,13,154,10,230
4266,10/18/2024,109,337,14,302
4546,10/18/2024,134,497,10,138
1759,10/18/2024,145,247,16,343
2915,10/18/2024,1,30,7,443
779,10/19/2024,22,317,16,330
4024,10/19/2024,144,417,8,218
4202,10/19/2024,195,87,6,486
845,10/19/2024,198,117,9,302
1974,10/19/2024,104,8,9,441
953,10/20/2024,108,118,7,131
504,10/20/2024,59,262,7,10
1186,10/20/2024,63,324,9,285
4057,10/20/2024,142,275,8,247
2068,10/20/2024,182,333,13,178
1612,10/20/2024,89,359,5,262
4909,10/20/2024,158,417,12,476
2041,10/20/2024,153,404,16,327
636,10/20/2024,124,410,8,138
3331,10/21/2024,112,438,8,217
2702,10/21/2024,90,496,2,324
901,10/22/2024,108,307,10,131
3717,10/22/2024,82,50,11,52
4376,10/22/2024,82,193,9,52
4853,10/22/2024,139,420,7,242
448,10/22/2024,30,382,13,84
4824,10/22/2024,2,87,16,206
1159,10/22/2024,149,160,1,78
4002,10/22/2024,48,238,17,388
1355,10/23/2024,144,47,8,218
2069,10/23/2024,84,418,19,189
861,10/23/2024,50,436,3,197
2622,10/24/2024,114,486,12,195
747,10/24/2024,59,491,2,10
959,10/24/2024,156,433,9,445
387,10/24/2024,32,129,3,40
385,10/24/2024,143,364,5,101
723,10/24/2024,83,148,1,313
2438,10/24/2024,83,208,11,313
738,10/25/2024,119,12,14,414
2198,10/25/2024,128,37,16,273
1320,10/25/2024,159,22,6,294
3397,10/25/2024,31,33,4,216
1083,10/26/2024,35,468,12,462
3673,10/26/2024,117,414,8,452
3988,10/26/2024,65,177,8,477
4375,10/26/2024,89,356,4,262
2309,10/26/2024,192,315,19,19
3256,10/26/2024,23,455,16,229
4630,10/26/2024,19,234,17,328
4937,10/26/2024,39,78,2,317
2607,10/26/2024,44,422,7,206
4817,10/26/2024,149,293,19,78
2805,10/26/2024,145,220,16,343
3925,10/26/2024,46,200,14,287
4320,10/26/2024,200,147,7,471
3371,10/26/2024,83,416,12,313
4784,10/27/2024,17,461,13,269
2377,10/27/2024,107,66,1,390
2183,10/27/2024,157,70,10,390
4414,10/27/2024,49,71,13,410
1520,10/27/2024,6,183,17,437
1171,10/27/2024,30,126,2,84
2077,10/27/2024,70,257,5,54
954,10/27/2024,150,367,1,488
3372,10/28/2024,119,227,16,414
934,10/28/2024,57,274,10,349
888,10/28/2024,137,52,18,267
3920,10/28/2024,38,123,4,339
4092,10/28/2024,70,459,14,54
1779,10/28/2024,145,245,2,343
1687,10/29/2024,78,403,5,319
4678,10/29/2024,110,33,14,229
81,10/29/2024,189,316,17,284
4326,10/29/2024,116,211,10,144
1706,10/29/2024,154,398,19,477
2168,10/29/2024,173,227,3,463
217,10/29/2024,183,164,19,70
4260,10/29/2024,46,65,9,287
1046,10/30/2024,100,307,19,183
2903,10/30/2024,146,220,19,422
1008,10/30/2024,94,385,17,489
4451,10/31/2024,128,168,5,273
4552,10/31/2024,128,494,5,273
4261,10/31/2024,65,175,8,477
791,10/31/2024,23,247,16,229
982,10/31/2024,167,400,8,13
2550,10/31/2024,172,356,3,56
787,10/31/2024,36,277,15,93
2286,11/1/2024,65,335,2,477
4438,11/1/2024,106,6,14,53
571,11/1/2024,13,384,14,230
992,11/1/2024,54,467,6,309
3534,11/1/2024,176,57,19,106
396,11/1/2024,129,17,15,252
603,11/1/2024,129,496,2,252
4184,11/2/2024,59,143,5,10
3093,11/2/2024,162,177,7,126
3176,11/2/2024,7,230,19,237
3889,11/2/2024,70,168,2,54
3766,11/2/2024,73,385,4,421
3412,11/2/2024,31,408,8,216
4728,11/2/2024,61,146,9,25
2860,11/3/2024,33,105,10,490
2830,11/3/2024,11,4,13,279
1042,11/3/2024,38,152,16,339
4016,11/3/2024,173,409,17,463
1806,11/3/2024,196,123,4,138
632,11/3/2024,179,222,1,80
1695,11/4/2024,100,299,11,183
1963,11/4/2024,6,140,13,437
1162,11/4/2024,15,342,19,329
633,11/4/2024,130,482,11,301
4642,11/4/2024,73,89,7,421
3919,11/4/2024,1,320,19,443
3947,11/5/2024,58,370,18,86
2495,11/5/2024,42,267,12,232
2983,11/5/2024,13,324,7,230
2036,11/5/2024,183,185,15,70
3268,11/5/2024,121,327,18,103
1185,11/5/2024,123,34,6,68
255,11/6/2024,63,380,14,285
3785,11/6/2024,42,455,7,232
3965,11/6/2024,57,117,18,349
3215,11/6/2024,64,310,15,239
3259,11/6/2024,122,178,3,368
454,11/6/2024,18,437,11,122
2776,11/6/2024,102,284,1,130
693,11/6/2024,149,354,14,78
4539,11/6/2024,183,240,1,70
249,11/6/2024,124,263,17,138
4145,11/6/2024,129,161,1,252
2170,11/7/2024,58,146,19,86
4837,11/7/2024,14,426,13,483
3236,11/7/2024,37,332,18,35
1226,11/7/2024,149,246,9,78
1556,11/7/2024,153,249,11,327
2685,11/7/2024,140,325,15,239
2339,11/7/2024,200,21,10,471
644,11/7/2024,184,472,14,363
310,11/8/2024,20,82,8,392
3022,11/8/2024,138,438,6,174
4224,11/8/2024,98,117,10,433
2905,11/8/2024,36,237,19,93
2504,11/8/2024,12,178,13,401
3733,11/9/2024,110,160,16,229
202,11/9/2024,86,229,3,406
4683,11/9/2024,41,146,11,150
1127,11/9/2024,7,383,5,237
4700,11/9/2024,158,273,7,476
481,11/10/2024,52,177,16,19
518,11/10/2024,7,189,12,237
1362,11/10/2024,38,367,13,339
2099,11/10/2024,81,208,5,345
858,11/11/2024,40,44,5,192
967,11/11/2024,155,38,1,471
2355,11/11/2024,130,33,16,301
4819,11/11/2024,127,138,4,37
2466,11/11/2024,32,363,6,40
585,11/12/2024,75,452,6,209
2756,11/12/2024,75,181,8,209
688,11/12/2024,29,327,9,487
844,11/12/2024,44,317,11,206
3506,11/12/2024,183,204,7,70
4233,11/12/2024,148,498,15,217
4649,11/13/2024,192,55,16,19
4025,11/13/2024,81,437,19,345
988,11/14/2024,199,252,13,387
1891,11/14/2024,75,264,3,209
3776,11/14/2024,177,167,15,362
3722,11/15/2024,82,198,12,52
1980,11/15/2024,144,260,11,218
3450,11/15/2024,73,105,11,421
3436,11/15/2024,3,116,8,151
2893,11/15/2024,163,347,4,376
4695,11/16/2024,35,263,16,462
3562,11/16/2024,137,327,1,267
1979,11/16/2024,38,452,12,339
4713,11/16/2024,85,153,18,442
2857,11/17/2024,119,333,3,414
3283,11/17/2024,161,259,9,62
3584,11/17/2024,169,425,6,436
1138,11/17/2024,23,306,17,229
2992,11/17/2024,140,381,6,239
4522,11/17/2024,84,348,9,189
592,11/17/2024,160,399,19,306
3205,11/17/2024,193,266,1,162
3198,11/18/2024,64,121,16,239
637,11/18/2024,49,335,16,410
4939,11/18/2024,43,15,13,331
710,11/18/2024,149,96,15,78
4809,11/19/2024,22,130,14,330
2242,11/19/2024,108,426,2,131
3762,11/19/2024,101,66,5,454
1680,11/19/2024,56,318,5,291
635,11/19/2024,47,54,11,364
3800,11/19/2024,105,148,9,385
88,11/19/2024,165,394,19,273
1985,11/19/2024,45,84,7,348
2792,11/19/2024,175,50,15,33
2378,11/19/2024,70,264,10,54
3963,11/19/2024,124,11,12,138
1308,11/19/2024,156,485,12,445
3672,11/19/2024,193,278,4,162
4247,11/19/2024,36,494,13,93
3841,11/20/2024,78,144,18,319
2858,11/20/2024,171,316,5,473
2627,11/20/2024,139,468,9,242
293,11/20/2024,111,383,17,308
1172,11/20/2024,152,413,7,126
421,11/20/2024,89,162,7,262
1197,11/20/2024,25,384,7,326
829,11/20/2024,30,333,4,84
4346,11/20/2024,62,48,12,198
1682,11/20/2024,60,420,8,211
2736,11/20/2024,121,82,11,103
903,11/20/2024,143,325,8,101
2668,11/20/2024,83,365,2,313
3984,11/21/2024,161,39,17,62
1407,11/21/2024,6,346,10,437
426,11/21/2024,33,410,1,490
3686,11/21/2024,76,77,9,350
4943,11/21/2024,183,455,11,70
3607,11/21/2024,68,32,11,192
912,11/22/2024,26,21,9,425
3188,11/22/2024,116,155,12,144
156,11/22/2024,11,351,15,279
970,11/22/2024,8,132,11,85
1391,11/22/2024,60,22,13,211
538,11/22/2024,150,173,2,488
1662,11/22/2024,170,435,11,39
1815,11/23/2024,15,470,3,329
1780,11/23/2024,141,252,15,447
1133,11/23/2024,71,319,5,278
2759,11/23/2024,136,202,9,84
2428,11/23/2024,61,366,7,25
5,11/24/2024,52,460,13,19
2968,11/24/2024,192,335,13,19
2422,11/24/2024,10,246,7,210
4229,11/24/2024,130,177,9,301
3822,11/24/2024,55,212,16,255
4195,11/25/2024,53,39,18,122
4367,11/25/2024,107,349,2,390
2061,11/25/2024,171,3,18,473
971,11/25/2024,56,165,5,291
652,11/25/2024,99,11,18,428
2449,11/25/2024,33,25,2,490
1165,11/25/2024,133,9,3,101
974,11/25/2024,106,272,5,53
3712,11/25/2024,103,101,7,375
909,11/25/2024,158,82,10,476
4027,11/25/2024,55,192,17,255
1316,11/25/2024,94,266,15,489
4957,11/26/2024,49,312,19,410
3927,11/27/2024,40,83,12,192
2573,11/27/2024,35,120,5,462
45,11/27/2024,28,418,12,350
1376,11/27/2024,98,266,7,433
180,11/27/2024,116,364,7,144
1508,11/27/2024,141,132,8,447
906,11/27/2024,195,362,5,486
1350,11/27/2024,140,197,5,239
3882,11/27/2024,140,481,7,239
4821,11/27/2024,160,429,11,306
946,11/28/2024,119,274,6,414
1740,11/28/2024,114,320,10,195
3878,11/28/2024,14,269,8,483
317,11/28/2024,84,375,17,189
1199,11/28/2024,129,446,14,252
4321,11/29/2024,119,225,18,414
3307,11/29/2024,111,149,17,308
1415,11/29/2024,71,95,15,278
4799,11/29/2024,120,182,16,299
3438,11/30/2024,126,453,7,165
2465,11/30/2024,174,95,5,420
3653,11/30/2024,9,373,5,341
3849,11/30/2024,82,120,7,52
4249,11/30/2024,75,215,6,209
3379,11/30/2024,197,483,8,131
4357,11/30/2024,193,369,9,162
1968,11/30/2024,85,212,7,442
2049,12/1/2024,14,247,8,483
484,12/1/2024,25,324,13,326
2838,12/1/2024,191,440,16,392
1593,12/1/2024,92,264,11,39
2317,12/2/2024,115,493,5,291
2588,12/2/2024,193,363,2,162
3648,12/3/2024,107,8,11,390
2083,12/3/2024,108,219,15,131
2421,12/3/2024,111,305,19,308
2185,12/3/2024,190,60,17,103
4892,12/3/2024,180,343,13,237
4862,12/3/2024,153,469,13,327
4397,12/3/2024,148,372,7,217
1234,12/4/2024,107,241,12,390
3422,12/4/2024,69,462,18,192
3886,12/4/2024,18,9,10,122
3154,12/4/2024,130,67,10,301
2094,12/4/2024,106,482,16,53
551,12/4/2024,164,389,1,376
1926,12/4/2024,113,346,15,247
3262,12/4/2024,88,457,8,220
1369,12/5/2024,126,101,12,165
2732,12/5/2024,174,439,11,420
209,12/5/2024,9,174,11,341
929,12/5/2024,56,3,1,291
161,12/5/2024,18,443,3,122
2108,12/5/2024,67,196,15,418
3118,12/5/2024,113,210,10,247
3567,12/6/2024,108,493,7,131
3541,12/6/2024,128,92,18,273
4847,12/6/2024,26,411,1,425
2757,12/6/2024,57,354,13,349
412,12/6/2024,14,33,8,483
4936,12/6/2024,98,51,5,433
323,12/6/2024,2,273,9,206
846,12/6/2024,77,178,9,264
3781,12/6/2024,127,112,11,37
4359,12/6/2024,68,178,7,192
628,12/7/2024,43,342,1,331
1871,12/7/2024,151,470,8,200
3005,12/7/2024,51,500,19,252
1174,12/8/2024,111,438,18,308
2717,12/8/2024,130,214,19,301
2313,12/8/2024,109,316,18,302
699,12/8/2024,120,152,4,299
679,12/9/2024,78,285,9,319
2065,12/9/2024,174,22,2,420
2046,12/9/2024,30,302,17,84
3987,12/9/2024,141,177,9,447
3049,12/9/2024,129,299,14,252
1160,12/9/2024,188,38,18,51
4211,12/9/2024,188,491,1,51
2134,12/10/2024,94,478,2,489
908,12/11/2024,65,129,8,477
1458,12/11/2024,186,107,11,372
1668,12/11/2024,30,50,12,84
1671,12/11/2024,74,389,6,329
233,12/11/2024,140,279,17,239
364,12/11/2024,90,205,15,324
3357,12/11/2024,163,352,10,376
1765,12/12/2024,78,280,6,319
2704,12/12/2024,4,170,18,143
2345,12/12/2024,181,452,4,40
3898,12/12/2024,41,319,15,150
2407,12/12/2024,25,304,18,326
4491,12/13/2024,53,284,17,122
2629,12/13/2024,17,379,18,269
2395,12/13/2024,58,40,18,86
1683,12/13/2024,75,129,18,209
258,12/13/2024,44,87,19,206
3487,12/13/2024,77,57,18,264
1763,12/14/2024,9,472,12,341
4137,12/14/2024,79,53,16,333
604,12/14/2024,21,323,14,452
2866,12/14/2024,106,31,15,53
147,12/14/2024,39,50,8,317
201,12/14/2024,127,323,5,37
3186,12/14/2024,183,225,6,70
1229,12/15/2024,108,470,6,131
2896,12/15/2024,4,218,19,143
4300,12/15/2024,115,222,5,291
4364,12/15/2024,153,469,4,327
4933,12/15/2024,167,31,6,13
802,12/15/2024,16,321,1,152
3185,12/15/2024,163,81,17,376
4505,12/16/2024,174,441,17,420
2430,12/16/2024,152,471,8,126
1223,12/16/2024,98,319,16,433
761,12/17/2024,27,105,6,78
2053,12/17/2024,137,32,18,267
529,12/18/2024,110,206,9,229
186,12/18/2024,157,208,12,390
479,12/18/2024,33,428,18,490
2131,12/18/2024,106,188,18,53
1738,12/18/2024,2,428,2,206
1699,12/18/2024,185,398,14,202
1562,12/18/2024,134,403,12,138
4296,12/18/2024,36,417,13,93
871,12/18/2024,194,396,13,129
13,12/19/2024,107,125,16,390
2680,12/19/2024,21,463,5,452
77,12/19/2024,152,136,9,126
1394,12/19/2024,129,6,16,252
3179,12/19/2024,51,390,8,252
3034,12/19/2024,50,218,6,197
191,12/20/2024,199,346,6,387
4199,12/20/2024,9,133,13,341
896,12/20/2024,101,301,6,454
4533,12/20/2024,151,480,4,200
1107,12/20/2024,179,365,11,80
1563,12/20/2024,12,47,5,401
3040,12/21/2024,38,466,10,339
1360,12/21/2024,136,385,19,84
676,12/21/2024,74,307,11,329
4042,12/21/2024,48,450,11,388
564,12/21/2024,55,335,2,255
2564,12/21/2024,94,258,18,489
3560,12/22/2024,22,480,18,330
3838,12/22/2024,27,53,14,78
4575,12/22/2024,166,229,6,400
4191,12/22/2024,98,123,12,433
4968,12/22/2024,23,117,2,229
4068,12/22/2024,46,233,11,287
826,12/22/2024,51,113,5,252
1794,12/22/2024,96,371,8,333
1455,12/23/2024,93,449,9,352
4594,12/23/2024,63,295,5,285
2565,12/23/2024,86,189,6,406
4107,12/23/2024,26,266,16,425
3419,12/23/2024,181,370,10,40
1218,12/23/2024,190,475,14,103
4373,12/23/2024,125,264,15,253
4981,12/23/2024,2,432,9,206
3172,12/23/2024,109,489,17,302
1601,12/23/2024,121,351,15,103
270,12/23/2024,31,396,4,216
2209,12/23/2024,146,4,9,422
1409,12/23/2024,143,137,9,101
4908,12/23/2024,172,153,8,56
3063,12/23/2024,113,129,3,247
1113,12/24/2024,22,94,8,330
2826,12/24/2024,101,372,14,454
3539,12/24/2024,58,207,11,86
1653,12/24/2024,178,251,13,389
4449,12/24/2024,60,162,5,211
2361,12/24/2024,72,107,17,35
404,12/24/2024,120,341,18,299
3162,12/25/2024,174,295,19,420
2882,12/25/2024,58,392,6,86
4741,12/25/2024,82,409,12,52
2352,12/25/2024,132,469,6,74
278,12/25/2024,178,214,6,389
3117,12/25/2024,189,374,10,284
2714,12/25/2024,137,483,6,267
692,12/25/2024,109,78,11,302
880,12/25/2024,140,443,3,239
1518,12/26/2024,20,347,18,392
4349,12/26/2024,27,139,9,78
144,12/26/2024,71,442,18,278
460,12/26/2024,149,495,6,78
2798,12/26/2024,34,344,8,217
2404,12/26/2024,158,377,3,476
2566,12/26/2024,158,483,6,476
2457,12/26/2024,183,399,18,70
1658,12/26/2024,184,17,11,363
1414,12/27/2024,171,376,18,473
41,12/27/2024,128,200,13,273
722,12/27/2024,89,337,8,262
1745,12/27/2024,89,480,2,262
2647,12/27/2024,153,141,18,327
796,12/27/2024,80,159,12,413
4295,12/27/2024,120,299,2,299
4897,12/27/2024,146,282,6,422
2836,12/27/2024,50,484,12,197
513,12/28/2024,174,48,3,420
4347,12/28/2024,131,439,14,91
2346,12/28/2024,147,22,11,494
2150,12/28/2024,7,46,18,237
3221,12/28/2024,188,168,3,51
4545,12/28/2024,179,128,5,80
1101,12/29/2024,59,447,7,10
780,12/29/2024,181,332,4,40
1109,12/29/2024,29,247,9,487
155,12/29/2024,195,75,5,486
4577,12/29/2024,109,158,19,302
1373,12/29/2024,129,318,11,252
2959,12/29/2024,179,180,4,80
3092,12/30/2024,22,51,3,330
145,12/30/2024,17,231,12,269
528,12/30/2024,6,339,19,437
553,12/30/2024,25,431,3,326
3310,12/30/2024,200,496,1,471
3500,12/30/2024,84,61,11,189
1701,12/30/2024,87,34,12,499
3815,12/30/2024,188,196,9,51
1044,12/31/2024,131,234,8,91
4899,12/31/2024,109,221,4,302
1796,12/31/2024,129,370,18,252
1483,1/1/2025,117,471,6,452
4863,1/1/2025,41,74,16,150
480,1/1/2025,37,45,1,35
1213,1/1/2025,173,410,9,463
3231,1/1/2025,172,286,1,56
586,1/1/2025,191,490,6,392
684,1/2/2025,199,59,16,387
4271,1/2/2025,20,80,11,392
535,1/2/2025,9,177,2,341
4132,1/2/2025,138,23,5,174
4077,1/2/2025,79,289,1,333
2171,1/2/2025,69,336,4,192
1817,1/2/2025,70,138,8,54
182,1/2/2025,60,456,7,211
4658,1/2/2025,172,96,1,56
1025,1/2/2025,87,213,3,499
4116,1/3/2025,86,285,16,406
3805,1/3/2025,11,453,11,279
4056,1/3/2025,5,409,19,314
821,1/3/2025,123,391,12,68
4507,1/3/2025,83,244,11,313
2538,1/3/2025,92,260,12,39
83,1/4/2025,43,139,8,331
2769,1/4/2025,76,303,14,350
2950,1/4/2025,176,61,7,106
965,1/5/2025,108,238,10,131
3737,1/5/2025,108,90,1,131
3322,1/5/2025,114,213,18,195
1290,1/5/2025,82,377,4,52
3097,1/5/2025,181,368,13,40
105,1/5/2025,147,273,12,494
927,1/5/2025,116,127,17,144
1698,1/5/2025,173,240,3,463
1139,1/5/2025,73,401,13,421
4336,1/5/2025,55,476,4,255
734,1/6/2025,93,216,18,352
4560,1/6/2025,101,168,16,454
4677,1/6/2025,117,107,12,452
1793,1/6/2025,177,56,9,362
2164,1/6/2025,65,376,18,477
3323,1/6/2025,186,439,12,372
1510,1/6/2025,6,327,8,437
4569,1/6/2025,89,40,19,262
1249,1/6/2025,192,218,12,19
4959,1/6/2025,5,96,14,314
3914,1/6/2025,109,148,2,302
3447,1/6/2025,148,391,6,217
2633,1/6/2025,87,49,13,499
3240,1/7/2025,161,243,19,62
3795,1/7/2025,63,141,4,285
2426,1/7/2025,103,164,4,375
2327,1/7/2025,61,192,19,25
3843,1/7/2025,146,100,16,422
1615,1/7/2025,85,463,10,442
2342,1/8/2025,168,141,19,455
4413,1/8/2025,7,496,4,237
3703,1/8/2025,74,432,17,329
356,1/8/2025,104,401,15,441
3570,1/8/2025,150,91,15,488
3597,1/8/2025,96,496,6,333
2012,1/9/2025,171,27,8,473
28,1/9/2025,79,381,3,333
3344,1/9/2025,99,180,15,428
3361,1/9/2025,33,299,14,490
1356,1/9/2025,74,465,16,329
1528,1/9/2025,74,225,5,329
1451,1/9/2025,153,270,10,327
4740,1/9/2025,183,441,4,70
2087,1/9/2025,135,42,10,360
4585,1/10/2025,28,257,10,350
1201,1/10/2025,30,26,10,84
1345,1/10/2025,11,254,16,279
1446,1/10/2025,145,475,7,343
1482,1/10/2025,16,355,5,152
2632,1/10/2025,68,393,6,192
2517,1/11/2025,107,158,17,390
534,1/11/2025,56,7,8,291
575,1/11/2025,82,375,7,52
131,1/11/2025,21,483,13,452
1427,1/11/2025,80,39,7,413
3911,1/11/2025,61,207,13,25
4704,1/12/2025,20,34,12,392
857,1/12/2025,15,455,11,329
1037,1/12/2025,10,389,11,210
1142,1/12/2025,34,122,6,217
4005,1/12/2025,167,327,6,13
2486,1/13/2025,35,465,19,462
556,1/13/2025,159,30,5,294
2013,1/13/2025,14,337,14,483
2403,1/14/2025,14,448,8,483
2368,1/14/2025,122,491,18,368
516,1/14/2025,98,92,6,433
3543,1/14/2025,98,206,10,433
2936,1/14/2025,130,225,8,301
3287,1/14/2025,109,62,8,302
2703,1/14/2025,72,345,15,35
3522,1/14/2025,160,346,9,306
3144,1/14/2025,66,361,2,415
838,1/15/2025,132,418,17,74
1580,1/15/2025,45,21,15,348
340,1/15/2025,125,31,16,253
3622,1/15/2025,183,201,4,70
2529,1/15/2025,191,269,8,392
4007,1/15/2025,12,457,15,401
2987,1/16/2025,22,225,13,330
3094,1/16/2025,161,289,11,62
2872,1/16/2025,75,439,18,209
1306,1/16/2025,47,278,9,364
2245,1/16/2025,109,376,3,302
1069,1/16/2025,158,139,14,476
4874,1/16/2025,72,478,5,35
902,1/16/2025,120,408,18,299
3059,1/16/2025,167,347,11,13
3883,1/16/2025,1,216,10,443
3561,1/16/2025,179,214,1,80
4883,1/17/2025,108,415,9,131
1366,1/17/2025,7,431,14,237
1420,1/17/2025,73,203,5,421
2796,1/17/2025,83,199,12,313
2163,1/18/2025,17,483,1,269
3980,1/18/2025,175,82,18,33
4781,1/18/2025,77,435,16,264
1552,1/18/2025,167,488,15,13
4447,1/19/2025,47,108,5,364
181,1/19/2025,8,343,13,85
3328,1/19/2025,77,58,7,264
1433,1/19/2025,97,80,16,341
3862,1/19/2025,129,339,16,252
2977,1/19/2025,184,382,14,363
4497,1/20/2025,74,327,14,329
2623,1/20/2025,179,406,14,80
985,1/21/2025,132,423,17,74
1297,1/21/2025,130,248,16,301
3563,1/21/2025,62,288,19,198
3181,1/21/2025,141,185,5,447
2582,1/21/2025,39,151,1,317
4755,1/21/2025,172,230,15,56
1758,1/22/2025,93,384,8,352
4274,1/22/2025,174,85,19,420
1050,1/22/2025,42,462,2,232
1064,1/22/2025,47,396,16,364
4972,1/22/2025,7,209,11,237
3865,1/22/2025,98,309,12,433
1103,1/22/2025,180,289,10,237
107,1/22/2025,115,413,2,291
2029,1/22/2025,19,177,2,328
904,1/22/2025,129,83,12,252
819,1/23/2025,107,335,14,390
4581,1/23/2025,182,296,7,178
3527,1/23/2025,83,230,9,313
4691,1/23/2025,81,439,15,345
3277,1/24/2025,147,81,6,494
1148,1/24/2025,178,174,15,389
1328,1/24/2025,87,305,17,499
916,1/24/2025,163,144,10,376
1282,1/25/2025,114,294,7,195
2157,1/25/2025,14,143,4,483
1916,1/25/2025,125,300,16,253
3401,1/25/2025,71,232,19,278
1624,1/25/2025,54,494,14,309
4733,1/25/2025,187,283,13,196
3945,1/26/2025,168,343,8,455
4080,1/26/2025,28,474,17,350
1782,1/26/2025,132,423,3,74
2744,1/26/2025,97,470,10,341
3941,1/26/2025,200,39,6,471
2649,1/26/2025,176,67,11,106
322,1/26/2025,146,199,12,422
2236,1/27/2025,49,429,9,410
2300,1/27/2025,23,131,1,229
4632,1/27/2025,54,312,2,309
3116,1/27/2025,118,339,14,178
124,1/28/2025,105,220,1,385
313,1/28/2025,175,267,6,33
799,1/28/2025,173,27,11,463
3386,1/28/2025,103,403,13,375
4286,1/28/2025,156,344,16,445
490,1/28/2025,87,332,19,499
624,1/28/2025,3,469,10,151
190,1/29/2025,22,252,15,330
4052,1/29/2025,21,80,17,452
3219,1/29/2025,6,441,5,437
134,1/29/2025,62,415,8,198
1825,1/29/2025,141,354,6,447
4956,1/29/2025,38,340,12,339
1383,1/30/2025,161,418,13,62
2938,1/30/2025,56,36,13,291
2802,1/30/2025,131,466,6,91
524,1/30/2025,178,291,7,389
3086,1/30/2025,111,433,10,308
3542,1/30/2025,115,493,4,291
2521,1/30/2025,54,239,14,309
3887,1/30/2025,84,208,9,189
3169,1/30/2025,96,311,2,333
3895,1/31/2025,110,490,16,229
3834,1/31/2025,63,182,5,285
4518,1/31/2025,142,349,15,247
816,1/31/2025,117,86,5,452
69,1/31/2025,47,209,16,364
2443,1/31/2025,14,175,16,483
1317,1/31/2025,137,435,6,267
3926,1/31/2025,150,291,17,488
3294,2/1/2025,114,337,2,195
2748,2/1/2025,121,125,1,103
836,2/1/2025,31,369,1,216
1824,2/1/2025,112,190,12,217
3612,2/2/2025,101,119,14,454
1787,2/2/2025,21,238,10,452
3881,2/2/2025,180,307,18,237
139,2/2/2025,141,75,3,447
2067,2/2/2025,136,52,13,84
4426,2/2/2025,68,83,11,192
607,2/3/2025,159,226,15,294
4001,2/3/2025,115,497,15,291
4554,2/3/2025,154,166,15,477
3472,2/3/2025,54,145,5,309
2071,2/3/2025,77,420,5,264
306,2/3/2025,164,418,10,376
4270,2/4/2025,108,191,19,131
831,2/4/2025,59,354,2,10
1117,2/4/2025,115,331,10,291
2797,2/4/2025,33,243,3,490
3392,2/4/2025,141,395,7,447
560,2/4/2025,71,60,7,278
2888,2/4/2025,124,89,11,138
2366,2/4/2025,187,222,14,196
1986,2/4/2025,90,209,4,324
1521,2/5/2025,138,229,9,174
808,2/5/2025,128,93,11,273
4980,2/5/2025,65,492,7,477
4088,2/5/2025,132,287,4,74
3640,2/5/2025,137,438,6,267
3912,2/5/2025,141,445,10,447
2997,2/5/2025,109,40,6,302
3498,2/5/2025,68,53,2,192
4273,2/6/2025,22,441,3,330
540,2/6/2025,82,189,1,52
4828,2/6/2025,159,124,6,294
2148,2/6/2025,178,27,19,389
2817,2/6/2025,29,245,1,487
3325,2/6/2025,97,461,6,341
3132,2/6/2025,66,193,15,415
2614,2/7/2025,161,173,2,62
2746,2/7/2025,189,281,2,284
4269,2/7/2025,6,310,8,437
605,2/7/2025,136,377,1,84
2088,2/7/2025,92,49,12,39
530,2/8/2025,147,413,5,494
4402,2/8/2025,14,234,15,483
465,2/8/2025,125,168,19,253
766,2/8/2025,74,421,11,329
2283,2/8/2025,149,293,15,78
1413,2/8/2025,123,84,4,68
2179,2/8/2025,36,370,19,93
1908,2/8/2025,92,150,6,39
4383,2/9/2025,78,416,15,319
2982,2/9/2025,162,298,1,126
4692,2/9/2025,186,395,7,372
4986,2/9/2025,122,20,18,368
4984,2/9/2025,130,228,6,301
2246,2/9/2025,91,312,18,120
417,2/9/2025,146,450,10,422
4930,2/9/2025,167,74,10,13
3900,2/9/2025,191,57,2,392
1844,2/9/2025,36,53,9,93
872,2/10/2025,28,186,6,350
537,2/10/2025,57,248,7,349
4022,2/10/2025,14,343,8,483
3555,2/10/2025,186,451,1,372
3851,2/10/2025,18,366,18,122
1476,2/10/2025,98,78,9,433
3285,2/10/2025,115,444,15,291
2080,2/10/2025,197,380,17,131
2871,2/10/2025,196,94,12,138
1847,2/10/2025,151,319,12,200
4102,2/10/2025,193,115,5,162
3512,2/10/2025,179,107,6,80
1384,2/11/2025,69,219,13,192
1364,2/11/2025,57,374,3,349
3568,2/11/2025,100,112,9,183
3519,2/11/2025,152,189,14,126
1240,2/11/2025,6,457,6,437
3713,2/11/2025,19,99,12,328
1202,2/11/2025,80,84,7,413
2020,2/11/2025,48,15,7,388
3790,2/11/2025,1,255,5,443
2676,2/12/2025,52,484,1,19
1416,2/12/2025,27,128,4,78
1280,2/12/2025,122,93,13,368
2216,2/12/2025,195,130,2,486
2650,2/12/2025,134,79,8,138
2843,2/12/2025,191,413,2,392
1271,2/12/2025,194,398,8,129
2240,2/13/2025,53,230,14,122
2258,2/13/2025,47,465,16,364
2059,2/13/2025,49,258,12,410
312,2/13/2025,89,483,18,262
1626,2/13/2025,89,265,8,262
849,2/13/2025,121,435,3,103
4332,2/13/2025,104,323,11,441
6,2/14/2025,199,302,14,387
3505,2/14/2025,111,490,17,308
2569,2/14/2025,14,19,1,483
206,2/14/2025,165,285,8,273
3347,2/14/2025,149,445,2,78
2527,2/14/2025,32,166,14,40
3183,2/15/2025,114,273,14,195
3960,2/15/2025,59,10,7,10
3141,2/15/2025,6,222,2,437
2424,2/15/2025,154,199,3,477
2673,2/15/2025,88,102,10,220
30,2/16/2025,107,178,1,390
2600,2/16/2025,38,248,17,339
4065,2/16/2025,172,127,15,56
3601,2/17/2025,52,148,5,19
2196,2/17/2025,93,419,3,352
948,2/17/2025,136,398,12,84
3885,2/17/2025,143,232,9,101
2598,2/17/2025,118,337,2,178
2066,2/17/2025,188,99,4,51
4657,2/17/2025,94,218,10,489
3745,2/18/2025,42,70,18,232
113,2/18/2025,197,165,12,131
2587,2/18/2025,8,149,19,85
2782,2/18/2025,32,152,19,40
877,2/18/2025,36,440,8,93
578,2/19/2025,168,251,13,455
118,2/19/2025,108,12,10,131
3870,2/19/2025,131,275,4,91
73,2/19/2025,105,361,17,385
456,2/19/2025,190,54,19,103
905,2/19/2025,176,404,9,106
2436,2/20/2025,20,158,8,392
4878,2/20/2025,26,299,13,425
2764,2/20/2025,186,8,16,372
4960,2/20/2025,115,286,15,291
3203,2/20/2025,173,95,8,463
707,2/20/2025,1,128,9,443
1571,2/20/2025,3,191,1,151
2160,2/20/2025,170,467,18,39
3359,2/21/2025,110,255,3,229
4265,2/21/2025,171,320,4,473
1881,2/21/2025,101,422,7,454
3874,2/21/2025,169,251,9,436
4207,2/21/2025,21,295,11,452
4134,2/21/2025,1,6,10,443
1572,2/21/2025,81,425,14,345
4586,2/21/2025,36,468,19,93
4214,2/22/2025,174,311,8,420
1269,2/22/2025,42,103,17,232
2146,2/22/2025,41,6,17,150
835,2/22/2025,111,426,17,308
4875,2/22/2025,74,134,8,329
2876,2/22/2025,187,229,10,196
2540,2/22/2025,146,283,12,422
1334,2/23/2025,78,192,8,319
1870,2/23/2025,111,371,4,308
3774,2/23/2025,71,417,17,278
4606,2/24/2025,63,475,4,285
1791,2/24/2025,177,262,13,362
1965,2/24/2025,18,265,3,122
1646,2/24/2025,115,158,12,291
4046,2/24/2025,23,142,5,229
1405,2/24/2025,2,35,6,206
4724,2/24/2025,154,41,19,477
263,2/24/2025,144,72,13,218
1195,2/24/2025,185,254,1,202
2840,2/25/2025,93,53,5,352
4823,2/25/2025,171,250,8,473
3333,2/25/2025,41,31,4,150
1872,2/25/2025,136,413,4,84
1714,2/25/2025,127,130,15,37
3610,2/26/2025,132,130,15,74
4807,2/26/2025,182,390,1,178
4568,2/26/2025,25,194,13,326
3664,2/26/2025,44,319,3,206
3341,2/26/2025,8,434,9,85
4785,2/26/2025,121,488,17,103
2856,2/27/2025,53,43,15,122
212,2/27/2025,181,444,9,40
1021,2/27/2025,14,303,11,483
2816,2/27/2025,61,403,12,25
4062,2/27/2025,48,448,14,388
3218,2/27/2025,196,475,6,138
1467,2/27/2025,167,8,17,13
1766,2/28/2025,93,78,17,352
1474,2/28/2025,174,166,17,420
4614,2/28/2025,79,439,16,333
2854,2/28/2025,117,92,1,452
4187,2/28/2025,180,58,19,237
4204,2/28/2025,197,25,4,131
2665,2/28/2025,77,255,15,264
1258,2/28/2025,163,316,17,376
1145,2/28/2025,85,244,8,442
894,3/1/2025,63,105,7,285
4958,3/1/2025,130,481,12,301
2718,3/2/2025,20,429,8,392
2326,3/2/2025,162,301,4,126
1570,3/2/2025,127,17,4,37
3427,3/2/2025,112,344,6,217
1349,3/2/2025,196,192,14,138
4565,3/2/2025,94,151,3,489
2331,3/3/2025,22,117,14,330
580,3/3/2025,174,325,14,420
2501,3/3/2025,26,260,16,425
1987,3/3/2025,147,317,11,494
2620,3/3/2025,129,178,5,252
173,3/4/2025,53,402,14,122
2619,3/4/2025,174,339,12,420
2884,3/4/2025,101,245,15,454
1390,3/4/2025,46,247,15,287
307,3/4/2025,176,127,9,106
3358,3/5/2025,40,133,3,192
3537,3/5/2025,122,411,8,368
3230,3/5/2025,37,458,3,35
3312,3/5/2025,170,54,16,39
721,3/6/2025,142,185,9,247
3592,3/6/2025,28,95,7,350
2800,3/6/2025,181,497,8,40
4419,3/6/2025,155,226,4,471
4259,3/6/2025,180,346,16,237
4285,3/6/2025,91,388,16,120
1650,3/6/2025,72,313,3,35
4852,3/6/2025,81,435,19,345
4158,3/6/2025,36,208,15,93
2130,3/7/2025,93,378,3,352
3779,3/7/2025,9,30,5,341
1947,3/7/2025,63,416,17,285
3621,3/7/2025,63,290,4,285
1709,3/7/2025,181,408,17,40
2208,3/7/2025,137,212,2,267
1526,3/7/2025,106,29,18,53
3084,3/7/2025,127,251,3,37
3396,3/7/2025,153,381,16,327
1224,3/7/2025,73,399,1,421
407,3/7/2025,145,49,14,343
1735,3/7/2025,84,389,13,189
148,3/8/2025,166,118,19,400
2018,3/8/2025,25,345,17,326
474,3/8/2025,38,345,7,339
1235,3/8/2025,135,289,13,360
1673,3/9/2025,79,280,10,333
3327,3/9/2025,139,453,13,242
4498,3/9/2025,64,116,8,239
4010,3/9/2025,89,138,2,262
2199,3/9/2025,62,355,19,198
1209,3/9/2025,123,210,15,68
3571,3/9/2025,48,239,11,388
1358,3/10/2025,27,258,18,78
2100,3/10/2025,162,46,8,126
2722,3/10/2025,99,493,11,428
72,3/10/2025,21,360,14,452
694,3/10/2025,103,28,4,375
2470,3/10/2025,8,115,12,85
3924,3/10/2025,77,11,15,264
2051,3/10/2025,121,403,2,103
1055,3/10/2025,120,360,10,299
4772,3/10/2025,146,498,2,422
3688,3/10/2025,191,194,15,392
4059,3/10/2025,12,369,18,401
2,3/11/2025,53,21,10,122
25,3/11/2025,119,329,9,414
4407,3/11/2025,139,114,18,242
4327,3/11/2025,183,405,15,70
3402,3/11/2025,124,362,4,138
3873,3/12/2025,54,55,11,309
2696,3/12/2025,61,382,4,25
778,3/13/2025,180,356,17,237
662,3/13/2025,10,7,19,210
1892,3/13/2025,109,153,2,302
3639,3/13/2025,31,179,14,216
2481,3/13/2025,167,394,19,13
3629,3/13/2025,50,462,9,197
3728,3/14/2025,184,206,17,363
2621,3/15/2025,126,472,10,165
3477,3/15/2025,114,324,8,195
3027,3/15/2025,63,473,8,285
4979,3/15/2025,129,322,11,252
1566,3/16/2025,101,363,12,454
4513,3/16/2025,15,222,12,329
399,3/16/2025,115,127,10,291
228,3/16/2025,37,20,19,35
1878,3/16/2025,184,476,10,363
4486,3/16/2025,163,209,9,376
111,3/17/2025,168,166,18,455
3146,3/17/2025,166,387,14,400
701,3/17/2025,99,288,9,428
3383,3/17/2025,89,383,10,262
2497,3/17/2025,165,472,7,273
913,3/17/2025,197,143,9,131
171,3/17/2025,54,437,8,309
3207,3/17/2025,172,123,7,56
2716,3/17/2025,151,198,5,200
1778,3/18/2025,166,256,12,400
3016,3/18/2025,28,298,1,350
4770,3/18/2025,117,170,10,452
3916,3/18/2025,72,113,3,35
381,3/18/2025,196,135,9,138
640,3/18/2025,32,319,9,40
3499,3/19/2025,41,65,3,150
4689,3/19/2025,7,313,9,237
4127,3/19/2025,116,293,9,144
2912,3/19/2025,5,10,10,314
4028,3/19/2025,196,355,19,138
443,3/19/2025,90,376,14,324
3080,3/19/2025,16,452,4,152
745,3/19/2025,179,143,8,80
4617,3/20/2025,4,11,8,143
358,3/20/2025,57,251,18,349
2116,3/20/2025,64,194,9,239
862,3/20/2025,43,407,1,331
994,3/20/2025,192,307,18,19
137,3/20/2025,98,239,9,433
4693,3/20/2025,175,173,17,33
822,3/20/2025,106,133,19,53
3888,3/20/2025,195,100,17,486
1484,3/20/2025,148,326,5,217
2133,3/20/2025,150,444,19,488
1013,3/20/2025,172,389,15,56
2652,3/21/2025,22,241,5,330
4106,3/21/2025,178,73,2,389
1859,3/21/2025,7,153,12,237
876,3/21/2025,18,324,19,122
4734,3/21/2025,116,318,1,144
4226,3/21/2025,30,174,2,84
3020,3/21/2025,33,316,9,490
308,3/22/2025,22,378,10,330
3603,3/22/2025,138,371,17,174
1445,3/22/2025,58,339,4,86
452,3/22/2025,197,461,5,131
2794,3/22/2025,37,452,13,35
2187,3/22/2025,80,412,13,413
1856,3/22/2025,66,33,17,415
2581,3/23/2025,22,183,9,330
2819,3/23/2025,177,254,6,362
3340,3/23/2025,155,56,10,471
4584,3/23/2025,106,146,1,53
1761,3/23/2025,167,476,6,13
1574,3/23/2025,193,242,19,162
4845,3/24/2025,53,145,16,122
4777,3/25/2025,40,33,7,192
3064,3/25/2025,49,139,2,410
4262,3/25/2025,6,344,15,437
2303,3/25/2025,140,233,17,239
3747,3/25/2025,135,72,3,360
2296,3/25/2025,151,113,13,200
4417,3/25/2025,68,76,13,192
1333,3/26/2025,138,180,5,174
3845,3/26/2025,131,445,3,91
2750,3/26/2025,41,161,7,150
3574,3/26/2025,41,287,9,150
720,3/26/2025,7,63,5,237
2109,3/26/2025,116,101,18,144
4913,3/26/2025,60,438,2,211
3274,3/26/2025,95,167,1,295
3530,3/26/2025,151,256,5,200
1194,3/27/2025,27,113,3,78
2831,3/27/2025,82,186,7,52
1363,3/27/2025,41,18,17,150
4051,3/27/2025,111,251,12,308
3615,3/27/2025,152,98,2,126
3229,3/27/2025,45,371,1,348
1370,3/27/2025,13,53,5,230
892,3/27/2025,198,236,7,302
3617,3/28/2025,107,495,10,390
2228,3/28/2025,171,130,18,473
960,3/28/2025,26,229,9,425
4423,3/28/2025,24,23,15,26
1609,3/28/2025,136,357,12,84
1857,3/28/2025,143,73,10,101
1210,3/28/2025,92,424,16,39
1489,3/28/2025,12,46,13,401
3440,3/28/2025,50,238,9,197
56,3/29/2025,169,457,12,436
1875,3/29/2025,115,488,14,291
3856,3/29/2025,71,199,14,278
4377,3/29/2025,140,235,10,239
1666,3/29/2025,176,53,1,106
3470,3/30/2025,119,341,4,414
4287,3/30/2025,26,282,5,425
1295,3/30/2025,169,26,18,436
4919,3/30/2025,153,355,17,327
2159,3/30/2025,61,335,4,25
4049,3/30/2025,112,208,11,217
774,3/31/2025,22,332,13,330
365,3/31/2025,169,377,13,436
349,3/31/2025,25,207,15,326
1639,3/31/2025,173,483,7,463
193,3/31/2025,77,425,13,264
2354,3/31/2025,72,484,18,35
4378,3/31/2025,187,74,2,196
642,3/31/2025,193,481,11,162
2308,4/1/2025,108,392,4,131
709,4/1/2025,75,491,4,209
4482,4/1/2025,149,268,7,78
1941,4/1/2025,127,176,10,37
1555,4/1/2025,84,497,11,189
1903,4/1/2025,196,84,10,138
4690,4/1/2025,1,83,17,443
4686,4/1/2025,151,497,12,200
1098,4/1/2025,163,289,16,376
4996,4/2/2025,35,399,2,462
1674,4/2/2025,166,301,18,400
3415,4/2/2025,47,144,16,364
1039,4/2/2025,122,199,12,368
4841,4/2/2025,122,159,12,368
1675,4/2/2025,23,414,19,229
4559,4/2/2025,140,281,7,239
3604,4/2/2025,90,80,12,324
3400,4/3/2025,79,14,1,333
1810,4/3/2025,35,450,1,462
3832,4/3/2025,69,222,17,192
2922,4/3/2025,178,90,3,389
4946,4/3/2025,49,78,11,410
736,4/3/2025,165,413,3,273
1387,4/3/2025,197,69,10,131
4140,4/3/2025,121,57,19,103
2925,4/3/2025,118,284,13,178
3932,4/3/2025,191,116,17,392
1549,4/3/2025,188,61,2,51
2154,4/3/2025,50,495,2,197
428,4/4/2025,93,158,15,352
1628,4/4/2025,57,368,2,349
977,4/4/2025,65,233,9,477
3298,4/4/2025,45,118,6,348
2548,4/4/2025,19,243,2,328
211,4/4/2025,103,98,15,375
3484,4/4/2025,91,302,10,120
2484,4/4/2025,83,134,8,313
2267,4/4/2025,36,73,19,93
264,4/5/2025,20,306,9,392
3272,4/5/2025,107,109,14,390
87,4/5/2025,166,467,5,400
2560,4/5/2025,70,226,3,54
1944,4/5/2025,153,318,8,327
1551,4/5/2025,118,452,19,178
430,4/5/2025,172,64,5,56
2894,4/5/2025,172,4,14,56
1648,4/6/2025,139,248,19,242
492,4/6/2025,169,90,8,436
1814,4/6/2025,57,318,16,349
2881,4/6/2025,105,159,9,385
1730,4/6/2025,8,488,8,85
1346,4/6/2025,61,168,6,25
764,4/6/2025,170,406,4,39
2441,4/7/2025,22,197,15,330
2574,4/7/2025,78,185,10,319
598,4/7/2025,128,216,18,273
2824,4/7/2025,41,376,18,150
1621,4/7/2025,25,77,1,326
3623,4/8/2025,142,71,13,247
4031,4/8/2025,117,487,18,452
1129,4/8/2025,132,26,5,74
898,4/8/2025,18,212,13,122
3929,4/8/2025,115,379,6,291
3715,4/8/2025,103,154,17,375
2078,4/8/2025,8,12,10,85
4719,4/8/2025,140,304,8,239
1217,4/8/2025,145,201,10,343
3417,4/8/2025,118,331,2,178
4201,4/8/2025,113,53,1,247
4976,4/9/2025,42,342,1,232
2250,4/9/2025,99,89,16,428
3720,4/9/2025,155,368,4,471
3017,4/9/2025,157,355,10,390
1505,4/9/2025,67,463,6,418
4629,4/9/2025,30,122,12,84
2414,4/9/2025,194,380,3,129
1114,4/10/2025,53,136,4,122
3918,4/10/2025,63,218,18,285
3971,4/10/2025,155,36,19,471
2268,4/10/2025,152,265,1,126
3492,4/10/2025,122,427,17,368
2663,4/10/2025,113,302,1,247
2541,4/11/2025,142,363,16,247
3077,4/11/2025,177,487,7,362
1301,4/11/2025,132,342,10,74
1214,4/11/2025,67,476,3,418
1441,4/11/2025,103,342,8,375
1886,4/11/2025,149,97,14,78
4472,4/11/2025,158,264,3,476
1294,4/11/2025,81,379,13,345
1063,4/12/2025,161,150,15,62
4401,4/12/2025,108,185,1,131
899,4/12/2025,114,47,7,195
4146,4/12/2025,86,497,15,406
3109,4/12/2025,132,371,14,74
2097,4/12/2025,197,87,10,131
1785,4/12/2025,141,338,2,447
4302,4/12/2025,153,308,8,327
2275,4/12/2025,31,283,13,216
2709,4/12/2025,118,11,13,178
595,4/12/2025,151,289,18,200
597,4/12/2025,191,335,15,392
1845,4/12/2025,50,3,10,197
3682,4/12/2025,50,379,3,197
2928,4/13/2025,20,121,7,392
983,4/13/2025,195,198,8,486
2499,4/13/2025,113,406,7,247
4180,4/14/2025,43,335,14,331
2433,4/14/2025,115,386,12,291
1617,4/14/2025,123,380,5,68
2335,4/14/2025,66,187,5,415
993,4/15/2025,128,30,10,273
2519,4/15/2025,121,177,3,103
4474,4/15/2025,163,476,4,376
4008,4/16/2025,139,59,10,242
57,4/16/2025,159,369,19,294
4803,4/16/2025,33,459,7,490
1471,4/16/2025,2,383,5,206
2416,4/16/2025,70,166,18,54
1821,4/16/2025,54,294,18,309
2399,4/16/2025,127,212,11,37
1506,4/17/2025,79,452,5,333
686,4/17/2025,155,430,19,471
2990,4/17/2025,15,326,13,329
476,4/17/2025,74,480,18,329
1180,4/17/2025,92,15,2,39
4918,4/18/2025,65,124,10,477
2648,4/18/2025,192,286,16,19
1954,4/18/2025,149,218,15,78
3429,4/19/2025,119,155,19,414
2875,4/19/2025,78,293,2,319
1481,4/19/2025,142,477,5,247
3393,4/19/2025,177,110,14,362
1608,4/19/2025,18,16,2,122
1533,4/19/2025,195,194,8,486
3943,4/19/2025,96,170,9,333
1465,4/20/2025,67,39,16,418
3036,4/20/2025,175,246,1,33
4791,4/20/2025,2,411,13,206
2737,4/20/2025,141,317,19,447
547,4/20/2025,184,408,1,363
2287,4/21/2025,79,265,14,333
244,4/21/2025,42,382,16,232
2024,4/21/2025,105,419,15,385
4350,4/21/2025,11,400,7,279
773,4/21/2025,109,384,1,302
572,4/21/2025,84,352,10,189
4289,4/21/2025,151,231,18,200
3140,4/21/2025,113,201,17,247
2455,4/22/2025,108,285,14,131
4867,4/22/2025,108,307,16,131
4857,4/22/2025,174,274,17,420
1885,4/22/2025,11,147,18,279
962,4/22/2025,38,198,12,339
2833,4/22/2025,77,102,19,264
232,4/22/2025,124,194,9,138
4774,4/23/2025,174,422,10,420
1665,4/23/2025,35,90,16,462
4037,4/23/2025,42,294,15,232
4345,4/23/2025,75,438,14,209
2121,4/23/2025,7,229,12,237
3599,4/23/2025,116,144,8,144
4405,4/23/2025,141,374,18,447
4151,4/23/2025,54,438,6,309
1453,4/23/2025,72,54,7,35
256,4/23/2025,61,13,17,25
4454,4/24/2025,119,9,9,414
309,4/24/2025,35,81,17,462
3656,4/24/2025,57,274,7,349
2931,4/25/2025,101,258,14,454
3935,4/25/2025,99,378,6,428
2201,4/25/2025,197,421,2,131
2684,4/25/2025,60,84,19,211
4810,4/25/2025,77,410,2,264
4901,4/25/2025,112,361,6,217
2945,4/25/2025,90,273,19,324
2489,4/26/2025,52,386,13,19
4723,4/26/2025,138,430,15,174
651,4/26/2025,99,149,3,428
2206,4/26/2025,69,150,12,192
4097,4/26/2025,147,321,5,494
3258,4/26/2025,178,430,10,389
4382,4/26/2025,144,106,19,218
996,4/26/2025,38,36,17,339
3701,4/26/2025,34,432,9,217
4396,4/26/2025,127,137,2,37
1855,4/26/2025,46,301,1,287
4252,4/27/2025,161,398,17,62
2873,4/27/2025,35,302,17,462
950,4/27/2025,133,19,3,101
3803,4/27/2025,62,164,1,198
4974,4/27/2025,1,203,3,443
685,4/28/2025,166,298,2,400
2572,4/28/2025,166,8,17,400
4094,4/28/2025,159,419,6,294
2837,4/28/2025,65,383,3,477
2751,4/28/2025,157,84,19,390
3992,4/28/2025,18,317,9,122
2976,4/28/2025,197,92,3,131
1468,4/28/2025,23,90,13,229
2413,4/28/2025,154,176,10,477
318,4/28/2025,195,71,12,486
3085,4/28/2025,123,369,4,68
3000,4/28/2025,112,282,3,217
1178,4/28/2025,176,363,10,106
2645,4/28/2025,170,241,19,39
922,4/29/2025,78,262,6,319
1177,4/29/2025,9,421,19,341
4856,4/29/2025,110,199,14,229
3009,4/29/2025,26,162,2,425
4547,4/29/2025,41,375,6,150
3018,4/29/2025,13,274,15,230
235,4/29/2025,70,419,1,54
886,4/29/2025,187,427,2,196
132,4/30/2025,128,489,6,273
4167,4/30/2025,152,380,12,126
3994,4/30/2025,60,70,11,211
338,4/30/2025,32,231,11,40
3157,4/30/2025,172,493,17,56
2760,5/1/2025,40,340,4,192
4143,5/1/2025,159,69,2,294
4228,5/1/2025,177,128,18,362
3332,5/1/2025,152,452,1,126
715,5/1/2025,192,153,14,19
4676,5/1/2025,37,50,9,35
2991,5/1/2025,200,407,6,471
758,5/1/2025,143,449,17,101
584,5/1/2025,83,429,16,313
2079,5/2/2025,52,329,19,19
1479,5/2/2025,99,359,18,428
4710,5/2/2025,175,330,16,33
4344,5/2/2025,141,172,5,447
3730,5/2/2025,72,122,11,35
8,5/3/2025,168,356,1,455
110,5/3/2025,4,297,16,143
2207,5/3/2025,8,468,3,85
3453,5/3/2025,81,441,12,345
4141,5/4/2025,22,291,7,330
3777,5/4/2025,178,399,4,389
3062,5/4/2025,67,460,15,418
1554,5/4/2025,130,365,19,301
125,5/4/2025,37,84,8,35
2939,5/4/2025,38,210,4,339
1660,5/4/2025,183,173,2,70
1607,5/4/2025,160,379,10,306
4142,5/4/2025,55,326,12,255
1753,5/5/2025,86,367,8,406
1969,5/5/2025,86,116,13,406
4374,5/5/2025,7,206,1,237
1842,5/5/2025,46,378,12,287
968,5/5/2025,48,93,3,388
1725,5/5/2025,95,140,16,295
4865,5/5/2025,113,80,11,247
544,5/5/2025,36,162,16,93
2568,5/6/2025,168,25,6,455
1762,5/6/2025,14,224,3,483
2584,5/6/2025,98,416,18,433
2114,5/6/2025,116,458,19,144
3702,5/6/2025,183,46,9,70
4966,5/7/2025,35,425,17,462
1719,5/7/2025,159,367,15,294
754,5/7/2025,43,42,18,331
2604,5/7/2025,18,62,3,122
2479,5/7/2025,24,439,17,26
4256,5/7/2025,102,148,12,130
2701,5/7/2025,134,322,18,138
3175,5/7/2025,123,228,2,68
1997,5/7/2025,167,162,10,13
4501,5/7/2025,160,435,6,306
3680,5/8/2025,161,191,16,62
1431,5/8/2025,108,374,12,131
769,5/8/2025,27,173,1,78
3082,5/8/2025,58,347,11,86
2193,5/8/2025,165,419,16,273
3602,5/8/2025,115,23,2,291
3586,5/8/2025,133,401,17,101
1261,5/8/2025,71,175,9,278
1071,5/8/2025,104,80,3,441
3125,5/8/2025,68,152,2,192
3351,5/8/2025,85,79,12,442
354,5/9/2025,20,46,15,392
2291,5/9/2025,174,457,1,420
4512,5/9/2025,101,234,1,454
3705,5/9/2025,58,405,18,86
4982,5/9/2025,182,201,12,178
4415,5/9/2025,100,392,2,183
4239,5/9/2025,21,453,1,452
4398,5/9/2025,14,257,9,483
3791,5/9/2025,98,6,8,433
3486,5/9/2025,39,421,16,317
371,5/9/2025,8,48,7,85
3289,5/9/2025,121,413,14,103
1126,5/9/2025,143,325,15,101
921,5/10/2025,152,398,16,126
3366,5/10/2025,97,380,13,341
4735,5/10/2025,129,441,3,252
4099,5/10/2025,113,396,15,247
3467,5/11/2025,58,379,5,86
2511,5/11/2025,35,319,13,462
369,5/11/2025,128,253,6,273
2450,5/11/2025,177,473,3,362
2827,5/11/2025,65,248,19,477
2515,5/11/2025,30,236,11,84
3443,5/11/2025,136,182,1,84
4583,5/11/2025,70,294,11,54
2844,5/11/2025,127,297,4,37
975,5/11/2025,121,329,6,103
2115,5/11/2025,118,448,15,178
4163,5/12/2025,89,315,17,262
4562,5/12/2025,18,430,9,122
3633,5/12/2025,115,464,6,291
4430,5/12/2025,23,455,8,229
259,5/12/2025,187,82,19,196
2075,5/12/2025,120,99,3,299
362,5/13/2025,63,260,10,285
2050,5/13/2025,178,440,4,389
3444,5/13/2025,19,376,12,328
4940,5/13/2025,125,491,6,253
4126,5/13/2025,143,136,10,101
4653,5/13/2025,184,473,16,363
2232,5/13/2025,170,444,11,39
4047,5/14/2025,105,5,6,385
2341,5/14/2025,60,464,15,211
2674,5/14/2025,149,191,5,78
4902,5/14/2025,200,209,17,471
4746,5/15/2025,28,38,4,350
46,5/15/2025,4,196,16,143
4246,5/15/2025,159,443,3,294
506,5/15/2025,175,73,14,33
130,5/15/2025,125,12,10,253
784,5/15/2025,11,346,5,279
1888,5/15/2025,13,353,4,230
4558,5/15/2025,1,113,15,443
4820,5/16/2025,63,342,15,285
2325,5/16/2025,162,360,10,126
4379,5/16/2025,39,345,10,317
4602,5/16/2025,70,182,12,54
4822,5/16/2025,151,324,6,200
4250,5/16/2025,68,277,8,192
1432,5/17/2025,199,313,19,387
2334,5/17/2025,40,347,17,192
478,5/17/2025,166,320,7,400
447,5/17/2025,99,434,2,428
2362,5/17/2025,155,433,18,471
3863,5/17/2025,74,315,18,329
620,5/17/2025,80,449,11,413
3191,5/17/2025,167,17,12,13
4160,5/17/2025,51,376,12,252
2793,5/18/2025,49,329,10,410
4557,5/18/2025,180,260,9,237
4409,5/18/2025,24,334,6,26
4412,5/18/2025,19,208,11,328
320,5/18/2025,149,479,1,78
3251,5/18/2025,104,7,6,441
1323,5/19/2025,182,136,10,178
1266,5/19/2025,6,235,7,437
3755,5/19/2025,153,203,17,327
2842,5/19/2025,187,381,18,196
4186,5/19/2025,1,41,4,443
4570,5/19/2025,36,156,7,93
17,5/20/2025,9,410,14,341
1475,5/20/2025,62,176,1,198
1090,5/20/2025,13,57,1,230
2561,5/20/2025,5,453,19,314
4121,5/20/2025,8,30,4,85
3598,5/20/2025,85,338,4,442
1120,5/21/2025,27,62,14,78
3854,5/21/2025,15,500,2,329
1893,5/21/2025,23,112,15,229
2192,5/21/2025,154,476,5,477
1930,5/21/2025,38,468,3,339
1096,5/21/2025,34,5,13,217
2522,5/21/2025,191,173,7,392
4643,5/22/2025,93,446,18,352
3156,5/22/2025,20,438,6,392
3798,5/22/2025,56,406,6,291
2576,5/22/2025,178,172,2,389
2752,5/22/2025,197,101,18,131
1238,5/22/2025,136,35,18,84
483,5/23/2025,28,117,9,350
4242,5/23/2025,49,422,15,410
1119,5/23/2025,39,105,9,317
1692,5/23/2025,103,7,14,375
987,5/23/2025,121,311,15,103
3608,5/23/2025,185,131,14,202
3318,5/23/2025,46,296,8,287
656,5/23/2025,51,150,9,252
3727,5/24/2025,20,396,19,392
188,5/24/2025,41,379,11,150
2167,5/24/2025,65,312,18,477
847,5/24/2025,43,338,15,331
4369,5/24/2025,89,116,8,262
4636,5/24/2025,158,339,8,476
1447,5/24/2025,73,310,17,421
4708,5/24/2025,124,362,8,138
1582,5/24/2025,134,182,18,138
4517,5/24/2025,145,276,2,343
755,5/24/2025,48,138,2,388
1131,5/24/2025,176,355,18,106
3704,5/25/2025,63,107,15,285
554,5/25/2025,41,250,18,150
1923,5/25/2025,57,111,10,349
4623,5/25/2025,16,484,6,152
3309,5/26/2025,166,119,13,400
4511,5/26/2025,195,269,15,486
2724,5/26/2025,80,459,8,413
4353,5/26/2025,12,416,10,401
2048,5/26/2025,68,351,17,192
3384,5/26/2025,68,194,18,192
18,5/27/2025,78,18,15,319
601,5/27/2025,169,452,18,436
2444,5/27/2025,91,43,17,120
3998,5/27/2025,109,52,7,302
1503,5/27/2025,187,227,7,196
964,5/27/2025,172,459,13,56
3655,5/27/2025,179,305,4,80
1110,5/28/2025,126,287,9,165
1977,5/28/2025,82,292,2,52
1973,5/28/2025,162,385,3,126
4403,5/28/2025,39,309,16,317
2456,5/28/2025,97,255,5,341
198,5/29/2025,40,90,12,192
2343,5/29/2025,69,356,9,192
2230,5/29/2025,7,201,19,237
4668,5/29/2025,7,331,18,237
2203,5/29/2025,25,280,16,326
4319,5/29/2025,13,170,5,230
3850,5/29/2025,5,256,14,314
2883,5/29/2025,34,24,6,217
3008,5/29/2025,140,121,17,239
4082,5/29/2025,87,84,17,499
577,5/29/2025,113,430,12,247
1970,5/29/2025,96,313,12,333
3033,5/29/2025,85,431,14,442
3749,5/30/2025,93,378,2,352
2895,5/30/2025,100,475,4,183
4029,5/30/2025,183,320,7,70
4108,5/30/2025,134,329,10,138
3692,5/30/2025,123,274,13,68
522,5/30/2025,1,365,14,443
1051,5/30/2025,194,180,18,129
408,5/31/2025,17,13,11,269
834,5/31/2025,199,179,16,387
2330,5/31/2025,161,291,13,62
1760,5/31/2025,35,195,4,462
3804,5/31/2025,14,267,9,483
207,5/31/2025,122,67,4,368
3826,5/31/2025,68,444,17,192
4949,6/1/2025,101,427,1,454
2799,6/1/2025,116,50,13,144
2666,6/1/2025,30,349,12,84
2021,6/1/2025,60,413,7,211
4311,6/1/2025,183,233,17,70
10,6/2/2025,93,418,2,352
588,6/2/2025,99,201,8,428
2474,6/2/2025,115,378,13,291
1200,6/2/2025,197,191,5,131
4303,6/2/2025,23,239,15,229
4221,6/2/2025,141,303,12,447
911,6/2/2025,183,467,18,70
1221,6/2/2025,160,140,11,306
1406,6/2/2025,113,338,16,247
508,6/3/2025,108,397,6,131
2073,6/3/2025,63,197,6,285
4473,6/3/2025,139,261,18,242
1207,6/3/2025,26,271,12,425
1015,6/3/2025,132,253,8,74
657,6/3/2025,30,435,12,84
812,6/3/2025,136,376,9,84
4659,6/3/2025,127,287,9,37
3548,6/3/2025,148,60,19,217
660,6/3/2025,124,384,3,138
1299,6/4/2025,181,404,10,40
2853,6/4/2025,141,131,11,447
4681,6/4/2025,144,349,17,218
1087,6/4/2025,74,192,5,329
2615,6/4/2025,121,310,4,103
2532,6/5/2025,174,62,18,420
3860,6/5/2025,64,408,14,239
3989,6/5/2025,122,475,19,368
4550,6/5/2025,137,124,10,267
4352,6/5/2025,125,319,7,253
631,6/5/2025,154,307,4,477
4168,6/5/2025,91,167,17,120
4829,6/5/2025,46,2,3,287
3654,6/5/2025,146,105,9,422
2175,6/5/2025,92,478,13,39
1501,6/6/2025,26,259,9,425
4826,6/6/2025,159,332,4,294
1532,6/6/2025,192,312,11,19
1946,6/6/2025,7,77,12,237
123,6/6/2025,133,223,10,101
2731,6/6/2025,176,405,14,106
3039,6/6/2025,84,250,10,189
3473,6/6/2025,81,469,13,345
3045,6/6/2025,188,264,10,51
3196,6/6/2025,194,165,7,129
704,6/7/2025,58,490,10,86
3023,6/7/2025,69,226,16,192
86,6/7/2025,7,10,8,237
1659,6/7/2025,127,291,16,37
2010,6/7/2025,134,292,16,138
4756,6/8/2025,93,284,16,352
646,6/8/2025,152,251,10,126
708,6/8/2025,186,327,5,372
257,6/8/2025,24,90,5,26
2417,6/8/2025,73,221,15,421
1876,6/9/2025,174,409,16,420
2294,6/9/2025,174,268,1,420
2545,6/9/2025,7,253,15,237
1216,6/9/2025,19,477,3,328
457,6/9/2025,143,202,13,101
3758,6/9/2025,94,387,10,489
4530,6/9/2025,68,15,1,192
1669,6/10/2025,56,83,13,291
4538,6/10/2025,38,368,8,339
3043,6/10/2025,153,206,6,327
1722,6/10/2025,66,305,3,415
1915,6/11/2025,35,461,14,462
1252,6/11/2025,139,46,19,242
923,6/11/2025,178,17,17,389
3694,6/11/2025,100,272,11,183
3416,6/11/2025,38,359,5,339
3504,6/11/2025,5,36,16,314
3410,6/11/2025,60,482,5,211
4133,6/11/2025,134,454,6,138
919,6/11/2025,176,449,18,106
4736,6/12/2025,7,39,18,237
1181,6/12/2025,106,88,3,53
1038,6/12/2025,38,314,16,339
2162,6/12/2025,118,116,3,178
1307,6/12/2025,194,418,10,129
4635,6/13/2025,17,464,5,269
43,6/13/2025,162,312,13,126
4003,6/13/2025,43,130,18,331
3616,6/13/2025,190,477,13,103
2101,6/13/2025,125,421,9,253
4130,6/13/2025,124,290,10,138
3645,6/13/2025,164,447,16,376
3579,6/13/2025,191,33,8,392
3677,6/13/2025,51,77,14,252
3030,6/14/2025,86,473,10,406
3844,6/14/2025,177,121,15,362
1031,6/14/2025,24,397,18,26
3411,6/14/2025,19,84,14,328
4903,6/14/2025,173,428,16,463
1529,6/14/2025,44,59,16,206
3337,6/14/2025,146,142,15,422
503,6/14/2025,172,105,14,56
2072,6/15/2025,17,74,3,269
2651,6/15/2025,142,412,18,247
4440,6/15/2025,86,27,3,406
1340,6/15/2025,6,479,12,437
4730,6/15/2025,19,66,16,328
4469,6/15/2025,61,142,18,25
4607,6/15/2025,176,456,9,106
3706,6/16/2025,182,424,1,178
4628,6/16/2025,192,286,13,19
3663,6/16/2025,130,180,11,301
3630,6/16/2025,106,315,14,53
1712,6/16/2025,195,195,15,486
2244,6/16/2025,77,11,16,264
3764,6/16/2025,153,69,18,327
531,6/16/2025,134,429,1,138
526,6/16/2025,145,45,1,343
3744,6/17/2025,53,478,6,122
562,6/17/2025,105,403,6,385
272,6/17/2025,186,173,2,372
3939,6/17/2025,2,462,7,206
1494,6/17/2025,80,28,18,413
3725,6/17/2025,84,475,8,189
2427,6/18/2025,78,164,2,319
12,6/18/2025,161,476,2,62
1293,6/18/2025,79,167,14,333
735,6/18/2025,42,223,4,232
389,6/18/2025,39,73,11,317
3893,6/18/2025,46,413,12,287
4033,6/18/2025,120,55,10,299
878,6/18/2025,50,15,13,197
2376,6/19/2025,58,389,9,86
4203,6/19/2025,162,372,16,126
2262,6/19/2025,75,225,18,209
3732,6/19/2025,155,416,15,471
2900,6/19/2025,47,308,9,364
2955,6/19/2025,25,242,16,326
441,6/19/2025,102,91,9,130
1909,6/19/2025,124,497,8,138
1425,6/19/2025,81,154,2,345
333,6/20/2025,132,325,8,74
2567,6/20/2025,90,195,9,324
1259,6/20/2025,96,347,14,333
495,6/21/2025,161,331,13,62
4254,6/21/2025,43,459,7,331
4840,6/21/2025,62,319,1,198
4739,6/21/2025,71,322,4,278
4758,6/21/2025,183,183,2,70
4814,6/21/2025,151,93,17,200
1577,6/22/2025,82,8,10,52
3409,6/22/2025,5,377,9,314
261,6/22/2025,153,66,13,327
472,6/22/2025,191,435,18,392
4551,6/23/2025,126,130,7,165
3528,6/23/2025,107,29,19,390
4365,6/23/2025,159,281,19,294
4090,6/23/2025,102,367,19,130
3631,6/23/2025,38,378,8,339
4019,6/23/2025,80,16,17,413
521,6/23/2025,73,454,4,421
1093,6/23/2025,31,189,4,216
771,6/24/2025,181,370,5,40
1693,6/24/2025,152,429,14,126
1567,6/24/2025,133,477,1,101
1797,6/24/2025,19,44,18,328
475,6/24/2025,54,438,19,309
4928,6/24/2025,97,99,7,341
3226,6/24/2025,72,470,13,35
1155,6/24/2025,200,442,4,471
4965,6/24/2025,129,388,14,252
4463,6/25/2025,105,13,5,385
1061,6/25/2025,152,473,12,126
4477,6/25/2025,13,470,1,230
2363,6/25/2025,134,114,10,138
4101,6/25/2025,48,278,11,388
1792,6/25/2025,92,203,19,39
1854,6/26/2025,161,417,14,62
350,6/26/2025,139,420,4,242
1154,6/26/2025,139,480,7,242
395,6/26/2025,117,24,13,452
390,6/26/2025,111,467,14,308
3969,6/26/2025,49,376,7,410
2329,6/26/2025,94,451,19,489
4587,6/27/2025,9,475,1,341
1187,6/27/2025,162,334,19,126
4672,6/27/2025,200,331,2,471
4794,6/28/2025,99,216,7,428
2660,6/28/2025,44,313,13,206
3050,6/29/2025,53,99,12,122
4060,6/29/2025,82,259,10,52
53,6/29/2025,69,109,7,192
357,6/29/2025,182,343,6,178
1818,6/29/2025,182,238,4,178
2601,6/29/2025,24,487,19,26
1043,6/29/2025,120,245,4,299
613,6/29/2025,194,101,11,129
4219,6/30/2025,34,215,15,217
581,6/30/2025,179,78,16,80
1102,7/1/2025,52,304,9,19
4612,7/1/2025,128,303,18,273
4987,7/1/2025,122,16,17,368
4478,7/1/2025,180,66,18,237
1359,7/1/2025,127,452,15,37
250,7/1/2025,200,463,16,471
1388,7/1/2025,94,232,5,489
4390,7/2/2025,171,244,13,473
3697,7/2/2025,7,84,1,237
397,7/2/2025,116,419,15,144
4441,7/2/2025,115,310,12,291
4768,7/2/2025,34,143,18,217
2270,7/3/2025,162,192,16,126
507,7/3/2025,157,43,9,390
649,7/3/2025,21,455,8,452
3482,7/3/2025,116,286,18,144
3981,7/3/2025,33,99,7,490
4757,7/3/2025,127,365,10,37
820,7/3/2025,84,84,14,189
429,7/3/2025,150,83,3,488
1600,7/3/2025,191,165,2,392
567,7/3/2025,92,194,10,39
34,7/4/2025,142,411,15,247
3946,7/4/2025,64,118,1,239
576,7/4/2025,31,152,16,216
918,7/4/2025,48,4,4,388
2995,7/5/2025,144,219,5,218
963,7/5/2025,74,377,4,329
3031,7/5/2025,5,379,5,314
4283,7/5/2025,80,11,7,413
2713,7/5/2025,134,263,13,138
1597,7/5/2025,48,151,7,388
4456,7/6/2025,42,247,19,232
931,7/6/2025,182,20,19,178
775,7/6/2025,192,13,8,19
2217,7/6/2025,7,188,7,237
1611,7/6/2025,200,489,3,471
1108,7/6/2025,151,212,14,200
3014,7/7/2025,114,160,8,195
54,7/7/2025,131,210,1,91
3214,7/7/2025,91,363,16,120
3305,7/7/2025,8,6,16,85
3015,7/7/2025,3,121,12,151
1864,7/7/2025,94,63,5,489
50,7/8/2025,20,94,17,392
4085,7/8/2025,25,436,3,326
4983,7/8/2025,197,351,17,131
3209,7/8/2025,39,227,9,317
2809,7/9/2025,157,30,12,390
2063,7/9/2025,149,327,10,78
4114,7/9/2025,140,134,2,239
1097,7/10/2025,59,238,14,10
2951,7/10/2025,162,382,15,126
505,7/10/2025,4,251,6,143
51,7/10/2025,99,224,19,428
4775,7/10/2025,65,265,5,477
319,7/10/2025,18,166,10,122
2098,7/10/2025,150,167,6,488
4351,7/10/2025,150,465,18,488
935,7/10/2025,66,82,14,415
2487,7/11/2025,99,11,2,428
753,7/11/2025,100,339,19,183
2630,7/11/2025,89,230,1,262
2969,7/11/2025,137,384,6,267
2994,7/11/2025,97,127,13,341
3019,7/12/2025,26,223,15,425
1840,7/12/2025,4,117,12,143
587,7/12/2025,33,267,10,490
331,7/12/2025,106,45,1,53
2953,7/12/2025,71,155,17,278
3867,7/12/2025,194,124,15,129
3421,7/13/2025,59,271,1,10
2451,7/13/2025,166,238,8,400
2210,7/13/2025,189,304,17,284
4071,7/13/2025,18,17,6,122
4688,7/13/2025,106,162,5,53
1994,7/13/2025,91,151,19,120
515,7/13/2025,198,126,19,302
4787,7/13/2025,95,418,15,295
3485,7/13/2025,3,271,15,151
3922,7/14/2025,58,380,13,86
730,7/14/2025,155,20,6,471
3434,7/14/2025,122,48,7,368
2492,7/14/2025,25,448,9,326
4040,7/14/2025,62,448,9,198
1450,7/14/2025,54,114,10,309
2618,7/14/2025,127,412,4,37
2156,7/14/2025,164,487,10,376
4358,7/14/2025,90,129,11,324
4117,7/14/2025,160,24,11,306
2260,7/14/2025,68,77,13,192
4999,7/15/2025,41,47,1,150
3455,7/15/2025,132,60,1,74
2463,7/15/2025,13,356,19,230
4420,7/15/2025,1,254,7,443
2252,7/16/2025,23,73,9,229
1700,7/16/2025,130,105,1,301
3547,7/16/2025,19,322,4,328
1775,7/16/2025,106,230,11,53
1848,7/16/2025,73,340,17,421
3078,7/16/2025,145,361,10,343
3024,7/16/2025,46,471,2,287
1803,7/16/2025,113,316,12,247
1361,7/17/2025,165,352,14,273
1754,7/17/2025,67,484,9,418
2238,7/17/2025,71,495,6,278
1873,7/17/2025,149,475,10,78
4725,7/17/2025,112,301,12,217
1880,7/17/2025,87,328,2,499
2774,7/18/2025,41,212,9,150
4593,7/18/2025,47,388,2,364
1757,7/18/2025,105,240,1,385
1081,7/18/2025,190,241,18,103
2933,7/18/2025,198,75,14,302
3716,7/18/2025,1,208,7,443
1530,7/19/2025,9,389,9,341
3532,7/19/2025,75,492,3,209
2924,7/19/2025,169,311,12,436
3313,7/19/2025,2,21,6,206
3933,7/19/2025,72,61,13,35
594,7/19/2025,187,201,6,196
1981,7/19/2025,194,319,18,129
2642,7/20/2025,26,90,14,425
4443,7/20/2025,159,204,10,294
3721,7/20/2025,47,223,2,364
3424,7/20/2025,43,223,6,331
703,7/20/2025,15,179,9,329
1478,7/20/2025,180,135,11,237
1928,7/20/2025,2,11,17,206
3222,7/20/2025,145,338,6,343
4293,7/20/2025,145,372,11,343
3976,7/20/2025,170,169,2,39
1936,7/21/2025,22,301,19,330
1945,7/21/2025,23,467,19,229
3794,7/21/2025,195,432,19,486
2801,7/21/2025,1,372,18,443
1106,7/22/2025,174,87,10,420
643,7/22/2025,184,179,6,363
3948,7/23/2025,17,32,12,269
103,7/23/2025,52,247,6,19
1377,7/23/2025,161,62,6,62
26,7/23/2025,101,48,1,454
1830,7/23/2025,79,104,1,333
2431,7/23/2025,82,152,3,52
1019,7/23/2025,4,67,3,143
559,7/23/2025,189,226,17,284
4882,7/23/2025,127,60,9,37
2688,7/23/2025,95,266,13,295
1225,7/24/2025,17,341,19,269
4495,7/24/2025,199,298,19,387
327,7/24/2025,161,157,6,62
2166,7/24/2025,25,419,4,326
2096,7/24/2025,23,131,1,229
1122,7/24/2025,141,151,7,447
606,7/24/2025,193,49,13,162
2184,7/25/2025,101,115,16,454
222,7/25/2025,128,324,1,273
122,7/25/2025,182,344,10,178
3507,7/25/2025,6,388,8,437
210,7/25/2025,153,317,8,327
1507,7/25/2025,156,174,7,445
2358,7/25/2025,104,195,17,441
1982,7/25/2025,84,265,6,189
4914,7/25/2025,170,281,19,39
1149,7/26/2025,126,240,15,165
4529,7/26/2025,93,350,13,352
3811,7/26/2025,58,280,7,86
1056,7/26/2025,128,71,13,273
4468,7/26/2025,70,296,2,54
3292,7/26/2025,60,284,11,211
639,7/26/2025,158,350,2,476
3833,7/26/2025,150,320,8,488
1302,7/26/2025,163,433,8,376
3479,7/27/2025,131,285,9,91
64,7/27/2025,132,388,4,74
541,7/27/2025,192,12,1,19
406,7/27/2025,19,260,13,328
2556,7/27/2025,146,179,7,422
3212,7/27/2025,68,127,19,192
2610,7/28/2025,108,423,3,131
1724,7/28/2025,182,104,8,178
2500,7/28/2025,173,125,17,463
4603,7/28/2025,173,169,6,463
1781,7/28/2025,143,123,6,101
870,7/28/2025,87,289,4,499
4356,7/28/2025,188,428,15,51
1598,7/29/2025,25,90,6,326
3459,7/29/2025,33,263,13,490
3346,7/29/2025,183,81,8,70
4978,7/29/2025,73,418,18,421
1633,7/29/2025,36,118,8,93
4644,7/29/2025,88,83,5,220
2180,7/30/2025,63,24,7,285
1882,7/30/2025,162,6,18,126
142,7/30/2025,11,293,7,279
2002,7/31/2025,9,358,2,341
2370,7/31/2025,79,61,6,333
4843,7/31/2025,82,189,19,52
3166,7/31/2025,6,224,4,437
2791,7/31/2025,71,452,18,278
1877,7/31/2025,102,287,8,130
2323,7/31/2025,51,425,3,252
2058,7/31/2025,113,331,17,247
1029,8/1/2025,99,189,4,428
3228,8/1/2025,29,329,6,487
2771,8/1/2025,2,370,8,206
4836,8/1/2025,13,250,16,230
1647,8/1/2025,121,249,5,103
3817,8/1/2025,124,258,18,138
4590,8/1/2025,85,407,8,442
1211,8/2/2025,138,263,6,174
226,8/2/2025,79,446,6,333
4089,8/2/2025,65,297,8,477
4310,8/2/2025,21,197,17,452
1219,8/2/2025,89,378,14,262
1470,8/2/2025,45,72,2,348
1374,8/2/2025,133,401,2,101
4360,8/2/2025,127,491,7,37
2898,8/2/2025,200,480,6,471
3135,8/2/2025,61,466,7,25
1914,8/2/2025,84,179,9,189
409,8/2/2025,143,59,14,101
4627,8/2/2025,92,66,8,39
4868,8/2/2025,3,174,15,151
330,8/3/2025,142,208,9,247
2820,8/3/2025,86,368,16,406
4316,8/3/2025,26,152,9,425
4848,8/3/2025,180,500,15,237
2803,8/3/2025,137,362,10,267
4924,8/3/2025,197,43,5,131
2103,8/3/2025,23,165,10,229
4961,8/3/2025,172,363,1,56
1144,8/3/2025,81,238,18,345
818,8/4/2025,52,246,15,19
285,8/4/2025,59,405,19,10
727,8/4/2025,42,453,3,232
119,8/4/2025,130,110,17,301
4301,8/4/2025,158,342,3,476
4998,8/5/2025,152,24,4,126
2602,8/5/2025,124,500,3,138
1622,8/5/2025,176,249,1,106
4793,8/5/2025,160,348,2,306
1058,8/5/2025,83,307,19,313
897,8/5/2025,96,146,14,333
2539,8/6/2025,192,88,14,19
2557,8/6/2025,10,90,9,210
4563,8/6/2025,39,178,13,317
1955,8/6/2025,31,140,17,216
2721,8/6/2025,84,117,7,189
3750,8/6/2025,118,315,3,178
2625,8/6/2025,92,131,17,39
1137,8/6/2025,96,266,13,333
3931,8/6/2025,88,461,15,220
4985,8/7/2025,75,234,7,209
265,8/7/2025,100,379,18,183
346,8/7/2025,95,261,5,295
2396,8/7/2025,179,280,4,80
1389,8/7/2025,50,324,2,197
1629,8/8/2025,161,302,10,62
3291,8/8/2025,171,460,7,473
1952,8/8/2025,27,254,8,78
24,8/8/2025,138,12,12,174
3053,8/8/2025,86,49,19,406
2372,8/8/2025,97,361,8,341
4418,8/8/2025,96,210,10,333
3966,8/9/2025,161,152,12,62
1726,8/9/2025,192,20,1,19
4876,8/9/2025,7,207,8,237
4696,8/9/2025,18,312,5,122
1531,8/9/2025,137,306,7,267
174,8/9/2025,125,277,5,253
2251,8/9/2025,73,82,17,421
2043,8/10/2025,52,106,2,19
3217,8/10/2025,78,61,15,319
3165,8/10/2025,93,249,2,352
4975,8/10/2025,174,404,15,420
1843,8/10/2025,128,225,5,273
3825,8/10/2025,155,50,8,471
208,8/10/2025,72,129,15,35
1713,8/10/2025,121,31,18,103
2243,8/10/2025,94,447,2,489
4162,8/11/2025,108,393,1,131
32,8/11/2025,40,346,14,192
2948,8/11/2025,99,91,14,428
1553,8/11/2025,37,130,7,35
4873,8/11/2025,183,40,13,70
4567,8/12/2025,110,341,2,229
2276,8/12/2025,56,413,2,291
3647,8/12/2025,10,66,5,210
1863,8/12/2025,175,137,7,33
1807,8/12/2025,106,168,11,53
1399,8/12/2025,74,427,14,329
220,8/12/2025,153,215,9,327
2076,8/12/2025,112,229,13,217
1167,8/12/2025,184,92,5,363
4953,8/13/2025,111,30,4,308
1742,8/13/2025,120,358,12,299
1448,8/13/2025,87,441,17,499
1189,8/14/2025,78,452,1,319
1439,8/14/2025,162,278,8,126
1205,8/14/2025,152,484,17,126
4044,8/14/2025,179,159,18,80
1964,8/14/2025,12,320,1,401
3772,8/15/2025,22,309,9,330
79,8/15/2025,40,305,13,192
1558,8/15/2025,197,492,8,131
3002,8/15/2025,175,223,6,33
2432,8/15/2025,125,104,8,253
969,8/15/2025,141,256,14,447
1005,8/15/2025,68,1,13,192
3460,8/15/2025,68,76,19,192
2689,8/16/2025,171,279,7,473
2985,8/16/2025,42,407,2,232
2958,8/16/2025,45,228,19,348
691,8/16/2025,77,287,3,264
4721,8/16/2025,123,421,17,68
4580,8/16/2025,90,409,6,324
3428,8/17/2025,132,100,19,74
3659,8/17/2025,103,119,16,375
4136,8/17/2025,148,254,7,217
3469,8/17/2025,95,339,1,295
2643,8/17/2025,179,48,5,80
2656,8/18/2025,132,341,10,74
4298,8/18/2025,118,500,9,178
2477,8/18/2025,191,75,10,392
4618,8/19/2025,168,66,1,455
3364,8/19/2025,101,432,13,454
432,8/19/2025,56,296,18,291
3445,8/19/2025,177,17,2,362
865,8/19/2025,60,240,18,211
2340,8/19/2025,121,82,18,103
3831,8/19/2025,90,18,7,324
1627,8/19/2025,1,390,6,443
3991,8/19/2025,193,351,19,162
3136,8/19/2025,12,368,5,401
3801,8/20/2025,108,421,15,131
1924,8/20/2025,147,408,2,494
2672,8/20/2025,165,348,7,273
3284,8/20/2025,12,431,14,401
3266,8/21/2025,162,352,2,126
3375,8/21/2025,75,28,17,209
2140,8/21/2025,178,91,2,389
378,8/21/2025,152,339,14,126
566,8/21/2025,37,196,10,35
183,8/21/2025,198,131,13,302
884,8/21/2025,153,201,9,327
379,8/21/2025,121,309,14,103
842,8/21/2025,120,288,12,299
4490,8/22/2025,79,250,8,333
4846,8/22/2025,7,34,7,237
3461,8/22/2025,122,134,7,368
2947,8/22/2025,10,131,12,210
1341,8/22/2025,133,193,4,101
2808,8/22/2025,154,173,11,477
4343,8/22/2025,38,453,13,339
2505,8/22/2025,8,96,8,85
550,8/22/2025,77,319,13,264
2318,8/22/2025,148,90,4,217
339,8/22/2025,200,228,18,471
757,8/22/2025,32,464,2,40
2822,8/23/2025,40,487,14,192
3806,8/23/2025,82,177,4,52
1188,8/23/2025,76,150,7,350
3238,8/23/2025,179,402,11,80
1208,8/24/2025,181,107,1,40
1111,8/24/2025,169,3,14,436
329,8/24/2025,159,339,18,294
3360,8/24/2025,45,182,8,348
2383,8/24/2025,148,53,18,217
4596,8/24/2025,55,462,13,255
4366,8/24/2025,163,462,9,376
1215,8/24/2025,96,399,9,333
4095,8/24/2025,88,127,11,220
1121,8/25/2025,18,298,12,122
523,8/25/2025,175,379,16,33
2213,8/26/2025,155,428,9,471
2730,8/26/2025,105,307,12,385
1591,8/26/2025,29,278,13,487
4991,8/26/2025,43,71,4,331
1435,8/26/2025,7,125,3,237
3827,8/26/2025,10,162,5,210
3620,8/26/2025,33,484,16,490
3503,8/26/2025,44,309,8,206
4193,8/26/2025,158,398,7,476
405,8/26/2025,148,93,2,217
388,8/26/2025,46,481,6,287
4592,8/26/2025,16,482,17,152
1755,8/27/2025,26,142,6,425
44,8/27/2025,75,417,17,209
3685,8/27/2025,157,93,13,390
3170,8/27/2025,67,155,12,418
3149,8/27/2025,11,242,18,279
4499,8/27/2025,39,233,12,317
2032,8/27/2025,84,59,16,189
248,8/28/2025,159,449,9,294
1073,8/28/2025,178,277,19,389
1711,8/28/2025,133,57,8,101
2482,8/28/2025,70,219,8,54
756,8/28/2025,1,13,11,443
4806,8/28/2025,163,325,7,376
1625,8/29/2025,101,368,10,454
4605,8/29/2025,40,492,8,192
4952,8/29/2025,25,241,13,326
1788,8/29/2025,115,418,5,291
1032,8/29/2025,30,195,2,84
2030,8/29/2025,73,398,3,421
1634,8/29/2025,46,276,9,287
2310,8/29/2025,118,5,11,178
4763,8/30/2025,132,21,14,74
2728,8/30/2025,30,22,14,84
4963,8/30/2025,23,138,12,229
2353,8/30/2025,44,340,14,206
3868,8/30/2025,158,457,18,476
3264,8/30/2025,118,230,14,178
1198,8/30/2025,55,82,16,255
1795,8/30/2025,163,66,8,376
3864,8/30/2025,68,288,3,192
1729,8/31/2025,189,48,11,284
940,8/31/2025,70,376,10,54
724,8/31/2025,44,66,3,206
2359,8/31/2025,121,301,13,103
3388,8/31/2025,148,460,9,217
2654,9/1/2025,161,224,13,62
3661,9/1/2025,62,52,16,198
4292,9/1/2025,97,370,5,341
3510,9/2/2025,119,326,13,414
3224,9/2/2025,63,292,17,285
3483,9/2/2025,4,376,14,143
767,9/2/2025,155,199,5,471
1428,9/2/2025,71,162,12,278
1746,9/2/2025,102,379,4,130
864,9/3/2025,29,362,18,487
112,9/3/2025,30,303,19,84
3247,9/3/2025,39,12,7,317
2128,9/3/2025,38,71,7,339
2315,9/3/2025,70,362,13,54
4485,9/3/2025,8,181,3,85
3564,9/3/2025,164,106,3,376
2512,9/4/2025,56,108,9,291
1723,9/4/2025,162,217,13,126
141,9/4/2025,144,303,7,218
3037,9/4/2025,1,226,4,443
3159,9/5/2025,138,469,6,174
3824,9/5/2025,79,158,11,333
2846,9/5/2025,40,330,17,192
4591,9/5/2025,86,369,1,406
1080,9/5/2025,159,143,5,294
4282,9/5/2025,177,20,11,362
790,9/5/2025,65,437,14,477
4039,9/5/2025,190,22,6,103
1264,9/5/2025,15,114,19,329
3974,9/5/2025,67,73,12,418
227,9/5/2025,80,45,12,413
3168,9/5/2025,135,67,13,360
3377,9/5/2025,48,121,12,388
1960,9/5/2025,188,38,14,51
1899,9/5/2025,194,92,10,129
1105,9/6/2025,49,435,16,410
2299,9/6/2025,122,50,4,368
3295,9/6/2025,190,444,18,103
1449,9/6/2025,54,311,6,309
4778,9/6/2025,164,331,17,376
433,9/6/2025,167,500,4,13
223,9/7/2025,52,316,18,19
1267,9/7/2025,162,281,18,126
1638,9/7/2025,11,306,11,279
1024,9/7/2025,38,387,18,339
4023,9/7/2025,173,25,17,463
494,9/7/2025,72,462,3,35
2256,9/7/2025,164,116,19,376
440,9/7/2025,1,125,15,443
2448,9/8/2025,63,470,18,285
1684,9/8/2025,23,384,9,229
4679,9/8/2025,172,182,1,56
2025,9/9/2025,168,83,19,455
717,9/9/2025,79,341,18,333
2338,9/9/2025,162,72,6,126
3178,9/9/2025,69,415,2,192
615,9/9/2025,100,358,19,183
3054,9/9/2025,6,265,5,437
4388,9/9/2025,30,365,12,84
4525,9/9/2025,141,19,10,447
2040,9/9/2025,38,210,13,339
837,9/9/2025,129,320,3,252
3767,9/9/2025,90,97,12,324
1378,9/10/2025,174,330,18,420
4217,9/10/2025,4,482,8,143
2271,9/10/2025,155,243,12,471
108,9/10/2025,24,156,4,26
185,9/10/2025,149,40,10,78
1175,9/10/2025,97,98,12,341
2597,9/10/2025,145,291,3,343
1204,9/10/2025,187,12,17,196
4368,9/10/2025,146,473,12,422
4299,9/11/2025,86,454,15,406
2725,9/11/2025,176,266,1,106
942,9/11/2025,90,326,10,324
3088,9/11/2025,1,111,15,443
1703,9/11/2025,151,393,10,200
3110,9/12/2025,40,498,15,192
3784,9/12/2025,169,306,1,436
1525,9/12/2025,177,401,11,362
3025,9/12/2025,89,19,10,262
1751,9/12/2025,37,280,18,35
4514,9/12/2025,154,44,11,477
811,9/12/2025,145,169,17,343
542,9/12/2025,46,236,1,287
3683,9/13/2025,168,159,13,455
3061,9/13/2025,59,422,18,10
4699,9/13/2025,142,253,12,247
1270,9/13/2025,159,267,2,294
67,9/13/2025,178,247,9,389
4208,9/13/2025,178,461,4,389
3104,9/13/2025,197,420,1,131
4070,9/13/2025,200,82,19,471
4925,9/13/2025,163,111,11,376
4,9/14/2025,17,20,16,269
254,9/14/2025,17,126,19,269
4322,9/14/2025,17,387,10,269
1354,9/14/2025,78,342,1,319
4291,9/14/2025,176,195,4,106
4920,9/14/2025,16,153,2,152
416,9/15/2025,86,178,4,406
889,9/15/2025,155,79,3,471
4431,9/15/2025,132,286,9,74
4766,9/15/2025,6,475,17,437
2337,9/15/2025,165,412,17,273
3910,9/15/2025,130,234,17,301
1176,9/15/2025,33,156,8,490
2125,9/15/2025,145,205,13,343
740,9/15/2025,135,245,2,360
2364,9/15/2025,32,109,12,40
3566,9/15/2025,194,5,12,129
2126,9/16/2025,142,416,17,247
1786,9/16/2025,128,123,8,273
497,9/16/2025,100,170,17,183
1921,9/16/2025,25,233,1,326
1822,9/16/2025,141,354,4,447
2558,9/16/2025,144,97,7,218
289,9/16/2025,136,368,17,84
3531,9/16/2025,80,349,14,413
4832,9/17/2025,69,103,18,192
2445,9/17/2025,122,325,11,368
1283,9/17/2025,33,266,6,490
732,9/17/2025,19,397,1,328
4098,9/17/2025,144,38,16,218
234,9/17/2025,5,375,17,314
2222,9/17/2025,135,241,5,360
2739,9/18/2025,110,319,7,229
1426,9/18/2025,35,163,7,462
3894,9/18/2025,37,417,6,35
4182,9/18/2025,106,484,8,53
1480,9/18/2025,153,60,5,327
3950,9/18/2025,73,441,6,421
1462,9/18/2025,151,461,14,200
3763,9/19/2025,199,444,7,387
16,9/19/2025,174,297,3,420
2580,9/19/2025,86,116,5,406
2592,9/19/2025,21,407,5,452
2316,9/19/2025,49,170,8,410
3502,9/19/2025,165,414,9,273
670,9/19/2025,173,155,12,463
4761,9/19/2025,13,415,7,230
2249,9/19/2025,160,65,10,306
668,9/19/2025,16,131,15,152
3184,9/20/2025,58,376,7,86
525,9/20/2025,6,36,14,437
2332,9/20/2025,175,210,16,33
2690,9/20/2025,164,251,5,376
4484,9/20/2025,12,416,9,401
19,9/21/2025,110,26,11,229
65,9/21/2025,75,90,3,209
2039,9/21/2025,75,356,18,209
2062,9/21/2025,70,423,8,54
2301,9/21/2025,12,169,12,401
2418,9/22/2025,78,398,13,319
3551,9/22/2025,78,431,7,319
1245,9/22/2025,128,319,4,273
1347,9/22/2025,47,79,17,364
169,9/22/2025,130,405,14,301
4150,9/22/2025,124,3,19,138
2671,9/22/2025,200,249,3,471
2694,9/22/2025,120,27,9,299
3174,9/23/2025,107,466,5,390
794,9/23/2025,131,354,2,91
486,9/23/2025,190,115,8,103
3896,9/23/2025,15,32,8,329
3074,9/23/2025,164,404,4,376
2224,9/24/2025,20,220,3,392
3095,9/24/2025,79,444,10,333
4004,9/24/2025,23,9,2,229
2393,9/24/2025,173,358,9,463
2060,9/24/2025,8,178,7,85
424,9/24/2025,118,253,2,178
2284,9/24/2025,188,442,1,51
4120,9/25/2025,169,152,14,436
665,9/25/2025,184,380,13,363
14,9/26/2025,17,177,11,269
3495,9/26/2025,69,453,3,192
315,9/26/2025,132,458,3,74
3674,9/26/2025,157,40,1,390
1517,9/26/2025,76,314,2,350
3594,9/26/2025,154,110,11,477
1998,9/26/2025,80,480,2,413
1734,9/27/2025,17,253,11,269
3275,9/27/2025,75,294,7,209
729,9/27/2025,105,99,19,385
1645,9/27/2025,2,19,17,206
224,9/27/2025,121,203,13,103
2509,9/27/2025,150,169,3,488
4950,9/27/2025,194,62,15,129
3625,9/27/2025,66,463,8,415
2379,9/27/2025,68,312,6,192
3336,9/28/2025,53,78,12,122
4780,9/28/2025,119,418,14,414
2942,9/28/2025,137,408,2,267
1834,9/28/2025,115,326,19,291
1123,9/28/2025,123,243,9,68
3091,9/29/2025,182,155,4,178
4308,9/29/2025,39,212,3,317
1469,9/29/2025,135,245,5,360
2415,9/29/2025,84,372,19,189
851,9/29/2025,184,151,12,363
2464,9/30/2025,199,467,18,387
629,9/30/2025,42,148,14,232
4609,9/30/2025,159,200,8,294
1281,9/30/2025,47,341,10,364
4864,9/30/2025,180,255,5,237
3163,9/30/2025,102,233,4,130
719,9/30/2025,136,109,6,84
3550,9/30/2025,185,45,19,202
3627,9/30/2025,150,280,10,488
3585,9/30/2025,193,187,19,162
1564,9/30/2025,170,110,10,39
951,10/1/2025,139,198,9,242
739,10/1/2025,74,388,12,329
2389,10/1/2025,94,236,1,489
4674,10/2/2025,52,404,3,19
1452,10/2/2025,101,66,17,454
1948,10/2/2025,180,310,4,237
830,10/2/2025,24,34,15,26
3808,10/2/2025,70,395,4,54
3280,10/2/2025,31,97,11,216
852,10/2/2025,172,447,11,56
488,10/2/2025,51,348,7,252
1079,10/2/2025,163,423,7,376
2289,10/3/2025,17,104,18,269
3317,10/3/2025,35,309,8,462
453,10/3/2025,132,210,17,74
4716,10/3/2025,30,275,7,84
1057,10/3/2025,70,67,15,54
341,10/3/2025,176,180,9,106
3968,10/3/2025,32,26,15,40
445,10/3/2025,87,473,19,499
2350,10/4/2025,168,197,5,455
3944,10/4/2025,40,270,19,192
4744,10/4/2025,47,168,12,364
3195,10/5/2025,99,486,7,428
1372,10/5/2025,41,479,7,150
743,10/5/2025,49,102,16,410
3759,10/5/2025,29,443,4,487
1335,10/5/2025,189,358,6,284
3813,10/5/2025,43,433,15,331
2930,10/5/2025,122,320,5,368
1748,10/5/2025,133,252,11,101
1677,10/5/2025,62,430,19,198
4797,10/5/2025,97,124,6,341
3075,10/5/2025,145,233,16,343
742,10/5/2025,83,4,7,313
4362,10/5/2025,88,122,6,220
1823,10/6/2025,171,267,15,473
3839,10/6/2025,142,200,10,247
1454,10/6/2025,45,389,9,348
325,10/6/2025,2,314,7,206
2946,10/6/2025,150,184,7,488
638,10/6/2025,113,462,10,247
1990,10/6/2025,113,286,15,247
3718,10/6/2025,55,358,8,255
583,10/6/2025,3,435,6,151
463,10/7/2025,63,395,16,285
1850,10/7/2025,56,170,3,291
2091,10/7/2025,24,446,19,26
955,10/7/2025,144,118,6,218
3807,10/7/2025,54,295,16,309
2386,10/7/2025,74,185,2,329
1897,10/7/2025,36,484,18,93
3972,10/8/2025,52,319,8,19
1678,10/8/2025,105,434,16,385
673,10/8/2025,29,280,2,487
3546,10/8/2025,189,164,12,284
823,10/8/2025,33,78,2,490
2019,10/8/2025,62,5,11,198
3866,10/8/2025,200,192,8,471
2956,10/8/2025,143,174,17,101
2322,10/8/2025,12,62,13,401
1163,10/9/2025,52,169,11,19
3614,10/9/2025,64,453,2,239
4084,10/9/2025,97,370,19,341
1276,10/9/2025,104,15,9,441
2132,10/9/2025,135,137,7,360
434,10/9/2025,146,206,18,422
3081,10/9/2025,32,239,18,40
241,10/10/2025,22,216,5,330
3698,10/10/2025,52,264,2,19
1904,10/10/2025,108,162,12,131
1623,10/10/2025,37,406,11,35
2400,10/10/2025,154,455,19,477
1382,10/10/2025,173,426,8,463
4786,10/10/2025,195,444,9,486
1710,10/10/2025,80,7,3,413
2699,10/10/2025,134,269,7,138
781,10/10/2025,12,276,17,401
4896,10/11/2025,171,398,14,473
382,10/11/2025,152,104,4,126
759,10/11/2025,192,99,9,19
4171,10/11/2025,165,34,16,273
1075,10/11/2025,190,18,19,103
1801,10/11/2025,135,459,4,360
4927,10/11/2025,95,258,15,295
3369,10/11/2025,118,46,19,178
1062,10/12/2025,161,213,9,62
2503,10/12/2025,159,360,10,294
75,10/12/2025,49,8,9,410
3890,10/12/2025,136,312,17,84
1220,10/12/2025,34,77,15,217
4253,10/12/2025,183,167,17,70
2978,10/12/2025,3,268,11,151
4706,10/12/2025,170,141,4,39
225,10/13/2025,86,253,14,406
952,10/13/2025,122,198,8,368
1300,10/13/2025,148,113,8,217
2052,10/13/2025,120,66,9,299
4014,10/13/2025,151,273,6,200
2944,10/14/2025,53,286,15,122
2304,10/14/2025,101,296,11,454
4215,10/14/2025,79,323,2,333
3164,10/14/2025,56,85,14,291
3665,10/14/2025,56,5,14,291
39,10/14/2025,42,56,3,232
3202,10/14/2025,177,386,5,362
1077,10/14/2025,152,136,7,126
1068,10/14/2025,19,493,12,328
4802,10/14/2025,106,119,17,53
2314,10/14/2025,11,110,5,279
3613,10/14/2025,46,146,17,287
2917,10/14/2025,129,210,19,252
3536,10/14/2025,129,371,14,252
4124,10/14/2025,81,500,3,345
1839,10/15/2025,89,228,10,262
3667,10/15/2025,5,467,9,314
4281,10/15/2025,135,239,8,360
485,10/15/2025,193,128,8,162
4422,10/15/2025,113,292,17,247
2726,10/16/2025,110,382,19,229
373,10/16/2025,128,15,3,273
3121,10/16/2025,177,73,8,362
4833,10/16/2025,123,51,13,68
2599,10/17/2025,47,82,12,364
2677,10/17/2025,89,267,5,262
725,10/17/2025,54,245,3,309
1010,10/17/2025,51,1,7,252
3314,10/17/2025,12,397,10,401
2593,10/18/2025,139,186,14,242
3293,10/18/2025,42,442,14,232
4752,10/18/2025,91,432,6,120
2173,10/18/2025,97,118,9,341
4209,10/18/2025,167,250,5,13
3902,10/18/2025,90,18,19,324
1894,10/18/2025,66,206,14,415
2686,10/19/2025,59,188,15,10
2144,10/19/2025,4,300,14,143
3066,10/19/2025,45,195,10,348
3649,10/19/2025,195,18,3,486
2766,10/20/2025,178,404,3,389
3242,10/20/2025,44,359,5,206
3153,10/20/2025,104,408,19,441
1164,10/20/2025,151,299,19,200
2285,10/20/2025,3,60,5,151
4792,10/21/2025,138,462,17,174
2435,10/21/2025,180,350,16,237
2949,10/21/2025,39,131,7,317
3741,10/21/2025,120,440,12,299
2543,10/21/2025,167,37,3,13
1086,10/21/2025,36,399,1,93
4074,10/22/2025,130,95,16,301
1488,10/22/2025,102,365,11,130
3951,10/22/2025,74,51,10,329
1676,10/23/2025,6,95,2,437
825,10/23/2025,45,284,2,348
2204,10/23/2025,122,165,10,368
2993,10/23/2025,18,143,10,122
2727,10/23/2025,68,202,1,192
4488,10/24/2025,27,209,18,78
2074,10/24/2025,79,368,2,333
3978,10/24/2025,166,412,4,400
1460,10/24/2025,130,76,5,301
2606,10/24/2025,11,447,18,279
3089,10/24/2025,11,27,4,279
2200,10/24/2025,8,379,14,85
4118,10/24/2025,134,394,8,138
245,10/24/2025,46,264,8,287
3374,10/24/2025,113,186,16,247
4330,10/25/2025,78,18,15,319
3405,10/25/2025,131,444,15,91
885,10/25/2025,182,53,15,178
3915,10/25/2025,111,358,6,308
89,10/25/2025,45,404,18,348
3296,10/25/2025,190,209,8,103
414,10/25/2025,44,259,8,206
3180,10/25/2025,151,459,15,200
2149,10/25/2025,188,417,17,51
403,10/26/2025,119,82,15,414
3549,10/26/2025,64,499,16,239
3709,10/26/2025,189,222,7,284
618,10/26/2025,23,369,7,229
654,10/26/2025,141,375,19,447
4241,10/26/2025,135,321,5,360
568,10/26/2025,48,259,1,388
3897,10/26/2025,112,235,2,217
384,10/26/2025,160,30,11,306
3276,10/27/2025,126,213,12,165
4175,10/27/2025,27,490,7,78
4192,10/27/2025,19,229,7,328
1166,10/27/2025,38,313,8,339
4462,10/27/2025,135,215,4,360
2263,10/28/2025,159,316,19,294
4970,10/28/2025,24,421,6,26
2055,10/28/2025,77,400,17,264
671,10/28/2025,183,160,4,70
1851,10/28/2025,104,456,8,441
1889,10/28/2025,129,37,15,252
4748,10/29/2025,21,329,3,452
2659,10/29/2025,136,251,18,84
4795,10/29/2025,124,410,16,138
4703,10/29/2025,185,209,10,202
609,10/29/2025,163,489,19,376
1486,10/30/2025,9,390,17,341
3021,10/30/2025,142,115,17,247
3046,10/30/2025,34,43,1,217
2113,10/30/2025,156,372,15,445
3448,10/30/2025,120,241,3,299
1095,10/31/2025,171,64,8,473
300,10/31/2025,10,154,11,210
4782,10/31/2025,30,377,12,84
3753,10/31/2025,150,53,14,488
1048,10/31/2025,151,142,13,200
3938,10/31/2025,179,86,6,80
4616,10/31/2025,194,87,1,129
4041,11/1/2025,86,390,10,406
413,11/1/2025,75,425,13,209
3304,11/1/2025,69,122,16,192
4284,11/1/2025,178,154,1,389
1169,11/1/2025,10,139,10,210
3877,11/1/2025,109,252,5,302
1152,11/1/2025,96,384,8,333
3569,11/1/2025,50,188,3,197
1846,11/2/2025,161,212,17,62
2142,11/2/2025,107,47,5,390
402,11/2/2025,26,437,5,425
2328,11/2/2025,192,244,2,19
3395,11/2/2025,115,494,18,291
260,11/2/2025,34,111,8,217
372,11/2/2025,134,28,9,138
4427,11/2/2025,46,162,11,287
2779,11/2/2025,118,118,13,178
4479,11/3/2025,177,340,8,362
3363,11/3/2025,57,365,8,349
2357,11/3/2025,89,178,10,262
2494,11/3/2025,122,403,10,368
2526,11/3/2025,106,120,13,53
641,11/3/2025,176,414,1,106
3802,11/3/2025,176,187,4,106
653,11/3/2025,172,5,15,56
519,11/3/2025,113,476,7,247
4276,11/4/2025,110,458,17,229
2298,11/4/2025,35,409,7,462
545,11/4/2025,4,130,11,143
2391,11/4/2025,2,353,5,206
990,11/4/2025,54,28,1,309
4381,11/5/2025,178,169,11,389
2092,11/5/2025,109,166,19,302
4844,11/5/2025,12,259,5,401
4147,11/6/2025,89,218,6,262
4849,11/6/2025,180,98,10,237
776,11/6/2025,197,428,10,131
1072,11/6/2025,125,257,5,253
3420,11/6/2025,195,27,11,486
4038,11/6/2025,183,217,7,70
2586,11/7/2025,119,383,12,414
2227,11/7/2025,177,295,1,362
3581,11/7/2025,125,287,14,253
1016,11/7/2025,2,61,9,206
2111,11/7/2025,195,340,17,486
423,11/7/2025,135,262,5,360
1118,11/7/2025,193,141,7,162
2471,11/8/2025,17,215,16,269
215,11/8/2025,199,438,9,387
1996,11/8/2025,78,450,5,319
3977,11/8/2025,59,250,16,10
2812,11/8/2025,35,438,13,462
3349,11/8/2025,89,271,19,262
558,11/8/2025,25,20,17,326
1253,11/8/2025,144,87,14,218
4732,11/8/2025,184,163,8,363
4035,11/8/2025,163,313,16,376
2367,11/9/2025,17,349,10,269
1898,11/9/2025,159,413,12,294
2011,11/9/2025,189,27,17,284
3708,11/10/2025,114,231,9,195
3329,11/10/2025,60,179,19,211
1497,11/10/2025,73,262,3,421
532,11/10/2025,46,269,7,287
1265,11/11/2025,171,322,12,473
2670,11/11/2025,4,69,19,143
2419,11/11/2025,169,370,2,436
4503,11/11/2025,43,60,5,331
218,11/11/2025,24,83,3,26
3869,11/11/2025,195,355,10,486
3425,11/11/2025,70,277,9,54
473,11/11/2025,31,329,9,216
3687,11/11/2025,135,16,10,360
3553,11/12/2025,162,372,6,126
3858,11/12/2025,99,244,16,428
3637,11/12/2025,64,1,10,239
4212,11/12/2025,180,497,6,237
4455,11/12/2025,124,183,1,138
4536,11/12/2025,16,223,5,152
2425,11/13/2025,119,55,6,414
4572,11/13/2025,59,265,16,10
1579,11/13/2025,82,423,15,52
930,11/13/2025,21,45,3,452
4309,11/13/2025,7,307,3,237
449,11/13/2025,73,215,6,421
4400,11/13/2025,12,337,1,401
4935,11/14/2025,128,362,5,273
1076,11/14/2025,25,27,2,326
1586,11/14/2025,154,500,12,477
1291,11/14/2025,39,466,16,317
4666,11/14/2025,102,379,3,130
1094,11/14/2025,5,432,11,314
334,11/14/2025,149,86,18,78
501,11/14/2025,124,168,15,138
2918,11/14/2025,135,263,5,360
1767,11/14/2025,146,290,14,422
2575,11/15/2025,126,499,7,165
1619,11/15/2025,93,329,16,352
3200,11/15/2025,147,389,5,494
3354,11/15/2025,21,424,17,452
4931,11/15/2025,43,110,9,331
2004,11/15/2025,37,154,19,35
3523,11/15/2025,11,486,2,279
2093,11/15/2025,158,449,15,476
1736,11/15/2025,96,163,18,333
4166,11/16/2025,22,122,14,330
1353,11/16/2025,155,370,2,471
1543,11/16/2025,49,202,11,410
1381,11/16/2025,80,52,10,413
1272,11/16/2025,124,412,19,138
4519,11/16/2025,3,81,16,151
410,11/17/2025,4,276,12,143
4994,11/17/2025,181,20,2,40
213,11/17/2025,7,157,8,237
1978,11/17/2025,116,330,6,144
1694,11/17/2025,115,192,2,291
1191,11/17/2025,133,417,12,101
4125,11/17/2025,173,438,12,463
4466,11/17/2025,91,286,19,120
817,11/17/2025,129,177,9,252
1805,11/18/2025,154,475,3,477
4754,11/18/2025,44,450,18,206
2943,11/18/2025,193,427,2,162
4386,11/18/2025,51,16,9,252
1012,11/18/2025,184,378,2,363
2356,11/18/2025,96,312,13,333
1100,11/19/2025,119,9,3,414
4639,11/19/2025,78,333,1,319
4524,11/19/2025,4,80,10,143
2178,11/19/2025,131,45,7,91
4267,11/19/2025,132,11,7,74
1246,11/19/2025,100,346,11,183
4870,11/19/2025,64,283,7,239
177,11/19/2025,5,376,18,314
316,11/19/2025,124,111,8,138
2524,11/19/2025,145,404,10,343
3302,11/19/2025,164,2,16,376
1182,11/20/2025,161,440,1,62
21,11/20/2025,114,161,18,195
1147,11/20/2025,159,456,15,294
859,11/20/2025,155,438,7,471
2385,11/20/2025,10,53,18,210
2507,11/20/2025,136,222,12,84
4893,11/20/2025,136,489,12,84
3689,11/20/2025,149,257,11,78
4990,11/20/2025,83,270,11,313
675,11/21/2025,101,157,1,454
883,11/21/2025,35,351,8,462
3626,11/21/2025,162,185,12,126
2835,11/21/2025,132,424,14,74
4729,11/21/2025,61,250,10,25
2037,11/21/2025,150,434,19,488
58,11/22/2025,174,51,9,420
35,11/22/2025,82,400,19,52
1858,11/22/2025,42,430,10,232
1192,11/22/2025,147,261,4,494
3281,11/22/2025,147,40,6,494
451,11/22/2025,100,81,8,183
3521,11/22/2025,152,91,6,126
427,11/22/2025,18,383,13,122
1339,11/22/2025,15,187,11,329
2678,11/22/2025,15,273,11,329
3670,11/22/2025,10,462,1,210
4576,11/22/2025,23,125,8,229
860,11/22/2025,39,99,13,317
2777,11/22/2025,158,245,14,476
1804,11/22/2025,140,452,9,239
1652,11/22/2025,156,137,15,445
1852,11/23/2025,34,102,3,217
1242,11/23/2025,156,460,3,445
1919,11/23/2025,104,453,11,441
1088,11/23/2025,163,33,11,376
1464,11/24/2025,142,148,1,247
4218,11/24/2025,162,294,13,126
2188,11/24/2025,165,367,8,273
3765,11/24/2025,45,220,6,348
2434,11/24/2025,74,51,15,329
2305,11/24/2025,156,152,8,445
2999,11/24/2025,172,256,18,56
2767,11/25/2025,47,493,11,364
71,11/25/2025,157,307,8,390
4342,11/25/2025,189,336,1,284
1934,11/25/2025,10,341,1,210
297,11/25/2025,61,408,11,25
3775,11/25/2025,135,481,7,360
1066,11/26/2025,139,269,15,242
3600,11/26/2025,178,388,2,389
815,11/26/2025,152,394,15,126
4205,11/26/2025,10,449,9,210
450,11/26/2025,44,239,7,206
3819,11/26/2025,148,324,14,217
4432,11/26/2025,163,33,10,376
3756,11/27/2025,59,205,11,10
1636,11/27/2025,155,459,16,471
2578,11/27/2025,175,348,19,33
2384,11/27/2025,173,25,16,463
4751,11/27/2025,195,7,5,486
4671,11/27/2025,135,153,2,360
2986,11/27/2025,1,80,12,443
4050,11/28/2025,15,253,14,329
3201,11/28/2025,25,125,16,326
2603,11/28/2025,62,394,3,198
3145,11/28/2025,156,468,15,445
3605,11/28/2025,193,450,9,162
3112,11/28/2025,179,385,11,80
2828,11/29/2025,78,267,7,319
3734,11/29/2025,117,93,4,452
345,11/29/2025,147,359,12,494
1906,11/29/2025,19,193,9,328
3773,11/29/2025,8,412,14,85
1085,11/29/2025,183,378,19,70
2483,11/29/2025,134,470,3,138
3996,11/29/2025,170,249,11,39
2095,11/30/2025,162,107,13,126
4275,11/30/2025,178,73,18,389
78,11/30/2025,14,31,6,483
84,11/30/2025,89,121,19,262
1017,11/30/2025,175,247,12,33
154,11/30/2025,173,423,19,463
2028,11/30/2025,134,209,13,138
3353,11/30/2025,46,80,18,287
4500,11/30/2025,61,144,10,25
4411,11/30/2025,164,127,17,376
2312,11/30/2025,36,59,10,93
4675,11/30/2025,170,208,19,39
2742,12/1/2025,56,43,1,291
853,12/1/2025,40,117,11,192
3048,12/1/2025,117,315,13,452
143,12/1/2025,190,19,18,103
1231,12/1/2025,116,476,14,144
2745,12/1/2025,116,91,13,144
2288,12/1/2025,137,206,3,267
439,12/1/2025,19,372,10,328
2695,12/1/2025,77,60,1,264
3391,12/1/2025,61,209,9,25
512,12/1/2025,84,383,5,189
2740,12/1/2025,191,68,15,392
4078,12/2/2025,99,126,19,428
4646,12/2/2025,99,485,14,428
806,12/3/2025,101,8,14,454
4537,12/3/2025,79,421,2,333
2390,12/3/2025,86,234,4,406
1587,12/3/2025,67,341,18,418
1257,12/3/2025,158,376,17,476
925,12/3/2025,94,277,2,489
4595,12/4/2025,99,27,14,428
2259,12/4/2025,178,146,1,389
4496,12/4/2025,10,71,18,210
3269,12/4/2025,148,355,8,217
1330,12/4/2025,187,442,14,196
3306,12/4/2025,92,349,7,39
2559,12/5/2025,119,38,5,414
3194,12/5/2025,190,54,4,103
2147,12/5/2025,115,492,4,291
3538,12/5/2025,39,387,18,317
4489,12/5/2025,34,132,17,217
3908,12/5/2025,172,352,19,56
3638,12/6/2025,18,350,12,122
1228,12/6/2025,15,18,11,329
1707,12/6/2025,116,453,5,144
4749,12/6/2025,37,435,11,35
468,12/6/2025,38,343,17,339
1296,12/6/2025,44,367,4,206
1989,12/6/2025,158,206,16,476
4169,12/6/2025,167,430,9,13
